00000000000000100110000100110111
10000000000000010000000100010011
11111111111111110011001010110111
00000000001100000110001100010011
00000000011000101010011000100011
01101100000100000110000011101111
00000000000000000000000001101111
00000000000000001101011110110111
00000000000000001101001010110111
00010011110001111010011100000011
00010011100000101010001100000011
00000000000001110010010100000011
00000000000000110010010110000011
00000000000000001000000001100111
00000000000000001101011110110111
00000000000000001101001010110111
00010011110001111010011010000011
00010011100000101010011100000011
00000000000000001110001100110111
00000000000001101010001110000011
00000000000001110010010100000011
10010010011100110010100000100011
10010010101000110010101000100011
00000000000000001000000001100111
00000000000000001101011110110111
00000000000000001101001010110111
00010011110001111010011010000011
00010011100000101010011100000011
00000000000000001110001100110111
00000000000001101010001110000011
00000000000001110010010100000011
10010010011100110010010000100011
10010010101000110010011000100011
00000000000000001000000001100111
00000000000000001110011110110111
00000000000000001110011100110111
10010010100001111010010110000011
10010011000001110010010100000011
10010010110001111010001010000011
10010011010001110010001100000011
01000000101001011000010100110011
00000000101001011011001110110011
01000000011000101000011000110011
01000000011101100000010110110011
00000000000000001000000001100111
00000010111110101111011110110111
00001000000001111000001010010011
00000010010101010101010100110011
00000000000000001000000001100111
11111110000000010000000100010011
00000000000100010010111000100011
00000000000000001101011110110111
00000000000000001101000010110111
00000000100100010010101000100011
00000001001000010010100000100011
00010011100000001010010010000011
00010011110001111010100100000011
00000000100000010010110000100011
00000001001100010010011000100011
00000001010000010010010000100011
00000001010100010010001000100011
00000001011000010010000000100011
00100100110100000101000011101111
00000000000000001101001010110111
00000000000000001101001100110111
00000000000010010010101100000011
00001011110000101010101010000011
00000000000001001010101000000011
00001100000000110010100110000011
00000000000001010000010000010011
00000000000010010010010110000011
00000000000001001010001110000011
01000001011001011000010100110011
00000000101001011011011000110011
01000001010000111000011010110011
01000000110001101000010110110011
00110001110100000101000011101111
00000000000010101000010110010011
01110000100000000101000011101111
00000000000010011000010110010011
00100110010000000101000011101111
00000000000001010000010110010011
00000000000001000000010100010011
01100100000000000101000011101111
11111100000001010101010011100011
00000001110000010010000010000011
00000001100000010010010000000011
00000001010000010010010010000011
00000001000000010010100100000011
00000000110000010010100110000011
00000000100000010010101000000011
00000000010000010010101010000011
00000000000000010010101100000011
00000010000000010000000100010011
00000000000000001000000001100111
11111101000000010000000100010011
00000010000100010010011000100011
00000000000000001101011110110111
00000000000000001101000010110111
00000010100000010010010000100011
00000010100100010010001000100011
00010011100000001010010000000011
00010011110001111010010010000011
00000000000000001101001010110111
00000000000000001101001100110111
00000000000000001101001110110111
00000011001000010010000000100011
00000001001100010010111000100011
00000001010000010010110000100011
00000001010100010010101000100011
00000001011000010010100000100011
00001011110000101010101010000011
00000000000001001010101100000011
00001100000000110010100110000011
00000000000001000010101000000011
00001100010000111010100100000011
00000001011100010010011000100011
00000000000001010000101110010011
00000000000001001010010110000011
00000000000001000010011000000011
01000001011001011000010100110011
00000000101001011011011010110011
01000001010001100000011100110011
01000000110101110000010110110011
00100101110100000101000011101111
00000000000010101000010110010011
01100100100000000101000011101111
00000000000010011000010110010011
00011010010000000101000011101111
00000000000010010000010110010011
01001101000000000101000011101111
11111100101000000101011011100011
00000000000000001101010100110111
10111000100001010000010100010011
00010100110000000000000011101111
00000000000100000000100000010011
00000001000010111000000000100011
00000010110000010010000010000011
00000010100000010010010000000011
00000010010000010010010010000011
00000010000000010010100100000011
00000001110000010010100110000011
00000001100000010010101000000011
00000001010000010010101010000011
00000001000000010010101100000011
00000000110000010010101110000011
00000011000000010000000100010011
00000000000000001000000001100111
00000000000000001110011110110111
00000000000000001110011100110111
11111111000000010000000100010011
10010010100001111010010110000011
10010011000001110010010100000011
10010011010001110010001010000011
00000000000100010010011000100011
10010010110001111010000010000011
01000000101001011000010100110011
00000000101001011011001100110011
01000000010100001000001110110011
01000000011000111000010110110011
00000000100000010010010000100011
00011100100100000101000011101111
00000000000000001101010000110111
00000000000001010000010110010011
00001100100001000010010100000011
00010001000000000101000011101111
00000000000000001101011000110111
00001100110001100010010110000011
00000000000001010000010000010011
01011001110000000101000011101111
00101101110100000101000011101111
00000000000000001101100000110111
00000000000001010000011000010011
00000000000001011000011010010011
10111001100010000000010100010011
00001010100000000000000011101111
00000000000001000000010100010011
00101100000100000101000011101111
00000000000000001101100010110111
00000000000001010000011000010011
00000000000001011000011010010011
10111010110010001000010100010011
00001000110000000000000011101111
00000000100000010010010000000011
00000000110000010010000010000011
00000000000000001101011010110111
10111100000001101000010100010011
00000001000000010000000100010011
00000111010000000000000001101111
00000000000000001101011110110111
00010100110001111010011100000011
00001111111101010111011000010011
00000000000001110010001010000011
00000000100000101111001100010011
11111110000000110001110011100011
00000000000000001101001110110111
00010101000000111010011010000011
00001111111101010111010100010011
00000000101000000000010110010011
00000000101001101010000000100011
00000000101101100000010001100011
00000000000000001000000001100111
00000000000001110010100000000011
00000000100010000111100010010011
11111110000010001001110011100011
00000000110100000000111000010011
00000001110001101010000000100011
00000000000000001000000001100111
00000000000000001101011110110111
00010100110001111010011100000011
00000000000001110010001010000011
00000000100000101111001100010011
11111110000000110001110011100011
00000000000000001101001110110111
00010101000000111010010110000011
00000000101001011010000000100011
00000000000000001000000001100111
11111100000000010000000100010011
00000010010000010000001100010011
00000010101100010010001000100011
00000000000000110000010110010011
00000000000100010010111000100011
00000010110000010010010000100011
00000010110100010010011000100011
00000010111000010010100000100011
00000010111100010010101000100011
00000011000000010010110000100011
00000011000100010010111000100011
00000000011000010010011000100011
00000001010000000000000011101111
00000001110000010010000010000011
00000000000000000000010100010011
00000100000000010000000100010011
00000000000000001000000001100111
11101010000000010000000100010011
00000000000000001101011110110111
00001101010001111010100000000011
00010100000100010010111000100011
00001101000001111010000010000011
00010101010100010010001000100011
00000000000000001101101010110111
00000110000100000000001010010011
10000000000010101000001100010011
00010100100000010010110000100011
00010100100100010010101000100011
00010011011100010010111000100011
00010101001000010010100000100011
00010101001100010010011000100011
00010101010000010010010000100011
00010101011000010010000000100011
00010011100000010010110000100011
00010011100100010010101000100011
00010011101000010010100000100011
00010011101100010010011000100011
00000000000100010010110000100011
00000001000000010010111000100011
00000000000001010000101110010011
00000000101100010010011000100011
00000000010100010010101000100011
00000000011000010010100000100011
00000000000000001101010010110111
00000000000000001101010000110111
00000000000010111100011010000011
00000010010100000000001110010011
00000100011101101000011001100011
00001000000001101000100001100011
00010100110001001010001110000011
00000000000110111000101110010011
00000000000000111010010110000011
00000000100001011111100010010011
11111110000010001001110011100011
00010101000001000010101010000011
00000000101000000000101000010011
00000000110110101010000000100011
11111101010001101001100011100011
00000000000000111010011000000011
00000000100001100111010100010011
11111110000001010001110011100011
00000000110100000000111000010011
00000001110010101010000000100011
00000000000010111100011010000011
00000010010100000000001110010011
11111010011101101001111011100011
00000000000110111100011010000011
00000000000110111000010100010011
00000000000001010000010110010011
00000010000000000000110010010011
11111111111100000000110000010011
11111111111100000000110100010011
00000000000000000000001110010011
00000101010100000000100010010011
00000000100100000000100100010011
11111101110101101000011000010011
00001111111101100111100110010011
00000000000101011000101110010011
00000111001110001110100001100011
00000001000000010010101100000011
00000000001010011001101000010011
00000001011010100000110110110011
00000000000011011010111000000011
00000000000011100000000001100111
00010101110000010010000010000011
00010101100000010010010000000011
00010101010000010010010010000011
00010101000000010010100100000011
00010100110000010010100110000011
00010100100000010010101000000011
00010100010000010010101010000011
00010100000000010010101100000011
00010011110000010010101110000011
00010011100000010010110000000011
00010011010000010010110010000011
00010011000000010010110100000011
00010010110000010010110110000011
00010110000000010000000100010011
00000000000000001000000001100111
00000000000001101000110010010011
00000000000101011100011010000011
00000000000010111000010110010011
00000000000101011000101110010011
11111101110101101000011000010011
00001111111101100111100110010011
11111001001110001111110011100011
00010100110001001010101110000011
00000000000010111010100000000011
00000000100010000111000010010011
11111110000000001001110011100011
00010101000001000010001010000011
00000010010100000000001100010011
00000000000001010000101110010011
00000000011000101010000000100011
11101110110111111111000001101111
00000000000101011100101010000011
11111101000001101000110000010011
00000000000010111000010110010011
11111101000010101000110110010011
00000000000010101000011010010011
00000011101110010110011001100011
00000000001011000001101110010011
00000001100010111000111100110011
00000000000101011000010110010011
00000000000111110001011100010011
00000001010101110000111110110011
00000000000001011100101010000011
11111101000011111000110000010011
11111101000010101000011110010011
00000000000010101000011010010011
11111100111110010111111011100011
11110010000011010101000011100011
00000000000011000000110100010011
11111111111100000000110000010011
11110001010111111111000001101111
00000000110000010010110010000011
00010100110001001010110100000011
00000000000011001010001110000011
00000000010011001000100100010011
00001111111100111111110000010011
00000000000011010010010110000011
00000000100001011111100110010011
11111110000010011001110011100011
00010101000001000010101000000011
00001111111100111111010100010011
00000000101000000000101100010011
00000000101010100010000000100011
00000001001000010010011000100011
11100111011011000001001011100011
00000000000011010010100010000011
00000000100010001111011000010011
11111110000001100001110011100011
00000000110100000000111000010011
00000001110010100010000000100011
00000001001000010010011000100011
11100100100111111111000001101111
00000000000100000000011000010011
01000010011101100100011001100011
00000000110000010010110110000011
00000000010011011000111000010011
01000100000000111000000001100011
00000000000011011010111010000011
00000001110000010010011000100011
01000001111111101101111100010011
00010100110001001010110000000011
00010101000001000010100100000011
00010010000011110100001001100011
00000000000011101000101010010011
00000000000011110000101000010011
00000000101000000000110110010011
00000000000000010010010000100011
00000000000011011000011000010011
00000000000000000000011010010011
00000000000010101000010100010011
00000000000010100000010110010011
00101010010100000011000011101111
00000010101000010010000000100011
00000000000000000000100010010011
00101111010010001000101001100011
00000010010000010000101100010011
00000000000100000000100110010011
00000000000011011000011000010011
00000000000000000000011010010011
00000000000010101000010100010011
00000000000010100000010110010011
01100100100000000011000011101111
00000000000011011000011000010011
00000000000000000000011010010011
00000000000001010000101010010011
00000000000001011000101000010011
00100110100100000011000011101111
00000000100000010010111010000011
00000000101010110010000000100011
00000000000010011000111000010011
00000000010010110000101100010011
00000000000110011000100110010011
11111101010011101001001011100011
11111101101110101111000011100011
00000011101010011101011001100011
00000000000011000010110110000011
00000000100011011111111100010011
11111110000011110001110011100011
00000001100110010010000000100011
11111111111111010000110100010011
11111111101010011100011011100011
00000000001011100001111110010011
00010010000000010000011100010011
00000001111101110000011110110011
11110000000001111010010100000011
00000001010000010010010110000011
00000000001011100001100000010011
00010010000000010000000010010011
00000001000000001000001010110011
11101111110000101000011010010011
00000001110000010000001100010011
00000000100100000000001110010011
11111111011001011000100010010011
00000000101000000000101010010011
00000000110100000000101000010011
00000011000000000000011000010011
00000000101000111111010001100011
00000000000010001000011000010011
00000000110001010000010100110011
00001111111101010111111000010011
00000000000011000010101100000011
00000000100010110111100110010011
11111110000010011001110011100011
00001111111101010111111010010011
00000001110110010010000000100011
00000001010111100000101001100011
11010000011001101000111011100011
00000000000001101010010100000011
11111111110001101000011010010011
11111100100111111111000001101111
00000000000011000010110010000011
00000000100011001111110110010011
11111110000011011001110011100011
00000001010010010010000000100011
11111110000111111111000001101111
00000000000011000010100000000011
00000000100010000111000010010011
11111110000000001001110011100011
00000001110100000011001010110011
01000001111000000000001100110011
00000010110100000000011010010011
00000000110110010010000000100011
01000001110100000000101010110011
01000000010100110000101000110011
00000000101000000000110110010011
00000000000000010010010000100011
11101100010111111111000001101111
00000000110000010010110100000011
00000000011111010000100100010011
11111111100010010111110000010011
00000000000011000010100110000011
00000000010011000010101000000011
00000000100011000000010100010011
00000000101000010010011000100011
00000000000010100000010110010011
00000000000010011000010100010011
00110000100100000100000011101111
00000000000001010000101100010011
00111000000100000100000011101111
00000000000001010000011000010011
00000000000001011000011010010011
00000000000010011000010100010011
00000000000010100000010110010011
00110000000000000100000011101111
00000001100000010010011000000011
00000001110000010010011010000011
01010010110100000011000011101111
00101101110100000100000011101111
00000000000000001101100010110111
00000000000001010000011000010011
00000000000010110000010110010011
10111101000010001000010100010011
10111011000111111111000011101111
11000110000111111111000001101111
00000000000101011100011010000011
00000000000100111000001110010011
00000000000010111000010110010011
11001100100111111111000001101111
00000000100000000000110110010011
00000000000000010010010000100011
00000000000100000000001100010011
00010100110001001010110000000011
00010101000001000010100100000011
00000100011100110101001001100011
00000000110000010010100110000011
00000000011110011000101000010011
11111111100010100111010100010011
00000000100001010000101100010011
00000000000001010010101010000011
00000000010001010010101000000011
00000001011000010010011000100011
11100001000111111111000001101111
00000100000100000000111010010011
00000000000000010010010000100011
00000001110100010010101000100011
00000000000100000000001100010011
00010100110001001010110000000011
00010101000001000010100100000011
00000001000000000000110110010011
11111100011100110100001011100011
00000000110000010010011010000011
00000000010001101000001110010011
00000100110000000000000001101111
00010100110001001010110000000011
00000000000011000010111100000011
00000000100011110111111110010011
11111110000011111001110011100011
00010101000001000010100100000011
00000011000000000000101010010011
00000001010110010010000000100011
00000000000011000010011110000011
00000000100001111111100000010011
11111110000010000001110011100011
00000000110000010010001010000011
00000111100000000000000010010011
00000110000100000000001100010011
00000000000110010010000000100011
00000000010000101000001110010011
00000001000000000000110110010011
00000000000000010010010000100011
00000000011000010010101000100011
00000000110000010010010110000011
00000000000000000000101000010011
00000000000001011010101010000011
00000000011100010010011000100011
11011000100111111111000001101111
00000000110000010010010110000011
00000000000001011010101010000011
00000000010001011000100100010011
00011010000010101000010001100011
00001101101000000101110001100011
00000010110100000000011100010011
00001000111011001001111001100011
00000000000010101100111100000011
00001100000011110001100001100011
00010001010000000000000001101111
00000000000101011100011010000011
00000000000010111000010110010011
10111101010111111111000001101111
00000000110000010010111100000011
00000000000101011100011010000011
00000000000010111000010110010011
00000000010011110000111110010011
00000000000011110010110000000011
00000001111100010010011000100011
11001001100111111111000001101111
11111111111111010100100000010011
01000001111110000101000010010011
00000000000101011100011010000011
00000000000111010111110100110011
00000000000010111000010110010011
10111010000111111111000001101111
00010100110001001010100100000011
00000000000010010010110000000011
00000000100011000111110100010011
11111110000011010001110011100011
00010101000001000010011110000011
00000010010100000000011100010011
00000000111001111010000000100011
10110000100111111111000001101111
00000000101000000000110110010011
00000000000000010010010000100011
11101011100111111111000001101111
11010001101110101111100011100011
00000000000100000000011000010011
00000000000000000000111000010011
00000000000100000000100110010011
11010101101001100100100011100011
11010111010111111111000001101111
00000000000000001101011110110111
10111100100001111000101010010011
00000000000011000000010110010011
00000000000010101000010100010011
01101100000100000010000011101111
01000000101011010000110100110011
00000011101000000101001001100011
00010100110001001010100000000011
00010101000001000010000010000011
00000000000010000010001010000011
00000000100000101111001100010011
11111110000000110001110011100011
00000001100100001010000000100011
11111111111111010000110100010011
11111110000011010001011011100011
00000000000010101100111100000011
00000110000011110000100001100011
00010100110001001010011010000011
00010101000001000010001110000011
11111111111100000000010100010011
00000000101000000000011000010011
00000000110100000000100010010011
00000000000011000100011001100011
11111111111111000000110000010011
00000010101011000000010001100011
00000000000001101010100110000011
00000000100010011111101000010011
11111110000010100001110011100011
00000001111000111010000000100011
00000100110011110000001001100011
00000000000110101100111100000011
11111111111111010000110100010011
00000000000110101000101010010011
11111100000011110001101011100011
00000011101000000101010001100011
00010100110001001010110110000011
00010101000001000010010110000011
00000010000000000000011100010011
00000000000011011010110010000011
00000000100011001111111010010011
11111110000011101001110011100011
00000000111001011010000000100011
11111111111111010000110100010011
11111110000011010001011011100011
00000001001000010010011000100011
10100010110111111111000001101111
00000000000001101010101100000011
00000000100010110111111000010011
11111110000011100001110011100011
00000001000100111010000000100011
11111011000111111111000001101111
00000000110000010010011100000011
00000000011101110000111110010011
11111111100011111111101010010011
00000000100010101000011110010011
00000000000010101010111010000011
00000000010010101010111100000011
00000000111100010010011000100011
10111101010111111111000001101111
00000000110000010010110110000011
10111100000111111111000001101111
00000110000100000000001010010011
00000001000000000000110110010011
00000000000000010010010000100011
00000000010100010010101000100011
11011001100111111111000001101111
00000001101000000101111001100011
00000010110100000000111010010011
11101111110111001001100011100011
00000000000000001101111110110111
00000010100000000000111100010011
10111100100011111000101010010011
11110010010111111111000001101111
00000000000000001101110010110111
10111100100011001000101010010011
00000010100000000000111100010011
11110001010111111111000001101111
00000000000001100000101001100011
00000000001001010001010100000011
00000000001001011001010110000011
01000000101101010000010100110011
00000000000000001000000001100111
00000000000001010001011110000011
00000001000001111001011100010011
00000001000001110101001010010011
11110000000001111111001100010011
00000000100000101101001110010011
00000000011100110110011000110011
00000000110001010001000000100011
00000000000001011001011010000011
00000000001001010001010100000011
00000001000001101001100000010011
00000001000010000101100010010011
11110000000001101111111000010011
00000000100010001101111010010011
00000001110111100110111100110011
00000001111001011001000000100011
00000000001001011001010110000011
01000000101101010000010100110011
00000000000000001000000001100111
11111110000000010000000100010011
00000000100000010010110000100011
00000000000001010001010000000011
00000000000100010010111000100011
00000000100100010010101000100011
01000000011101000101011110010011
00000001001000010010100000100011
00000001001100010010011000100011
00000000000101111111000010010011
00000010000000001000001001100011
00000001110000010010000010000011
00000111111101000111010100010011
00000001100000010010010000000011
00000001010000010010010010000011
00000001000000010010100100000011
00000000110000010010100110000011
00000010000000010000000100010011
00000000000000001000000001100111
00000000000001011000010010010011
01000000001101000101010110010011
00000000111101011111001010010011
00000000010000101001011100010011
00000000011101000111011010010011
00000011100001001101011110000011
00000000000001010000100110010011
00000000010101110110010110110011
00000100000001101000110001100011
00000000000100000000010100010011
00001000101001101000101001100011
00000001000001000001111000010011
00000001000011100101010100010011
00000000000001000000100100010011
00000000000001111000010110010011
01000001010100000110000011101111
00000000000001010000111010010011
11110000000001000111111100010011
00000111111110010111010100010011
00000001111001010110111110110011
00000011110101001001110000100011
00001000000011111110010000010011
00000000100010011001000000100011
00000001110000010010000010000011
00000001100000010010010000000011
00000001010000010010010010000011
00000001000000010010100100000011
00000000110000010010100110000011
00000010000000010000000100010011
00000000000000001000000001100111
00000010001000000000001100010011
00000000000001011000001110010011
00000000011001011101010001100011
00000010001000000000001110010011
00000000000001001001011000000011
00000000001001001001011010000011
00000001010001001010010110000011
00000001100001001010010100000011
00001111111100111111011100010011
00011000110100000010000011101111
00000011111001001101011000000011
00000001000001010001100100010011
01000001000010010101100100010011
00000010000001100001110001100011
00000011100001001101011110000011
00000010101001001001111100100011
11111000000111111111000001101111
00000000000001111000011000010011
00000010100001001000010100010011
00010111000000000010000011101111
00000011110001001101100000000011
00000001000001010001100010010011
01000001000010001101100100010011
00000000000010000001100001100011
00000011100001001101011110000011
00000010101001001001111000100011
11110101100111111111000001101111
00000011100001001101011110000011
11110101000111111111000001101111
11111111000000010000000100010011
00000000100100010010001000100011
00000000000001011000010010010011
00000000000001100000010110010011
00000000000100010010011000100011
00000000100000010010010000100011
00000000000001100000010000010011
11101011000111111111000011101111
00000000000001010000011110010011
00000000000001000000010110010011
00000000000001001000010100010011
00000000000001111000010000010011
11101001110111111111000011101111
00000000110000010010000010000011
01000000101001000000010100110011
00000000100000010010010000000011
00000000010000010010010010000011
00000001000000010000000100010011
00000000000000001000000001100111
00000000000001011001011100000011
00000000001001011001011110000011
00000000111001010001000000100011
00000000111101010001000100100011
00000000000000001000000001100111
00000000000001100010100000000011
00000000100010000000100010010011
00000100111010001111011001100011
00000000000001101010011100000011
00000000010001110000001100010011
00000100111100110111000001100011
00000001000101100010000000100011
00000000000001010010011110000011
00000000000001011001001010000011
00000000001001011001011000000011
00000000111110000010000000100011
00000001000001010010000000100011
00000000111010000010001000100011
00000000000001101010001110000011
00000000010000111000010100010011
00000000101001101010000000100011
00000000010010000010010110000011
00000000000010000000010100010011
00000000010101011001000000100011
00000000110001011001000100100011
00000000000000001000000001100111
00000000000000000000100000010011
00000000000010000000010100010011
00000000000000001000000001100111
00000000000001010000011110010011
00000000000001010010010100000011
00000000010001111010011010000011
00000000010001010010011000000011
00000000000001010010011100000011
00000000110001111010001000100011
00000000110101010010001000100011
00000000111001111010000000100011
00000000000001010010000000100011
00000000000000001000000001100111
00000000010001011010011000000011
00000000010001010010011010000011
00000000000001011010011100000011
00000000110001010010001000100011
00000000110101011010001000100011
00000000111001010010000000100011
00000000101001011010000000100011
00000000000000001000000001100111
00000000001001011001011000000011
00000010000001100100001001100011
00000000000001010001100001100011
00000100100000000000000001101111
00000000000001010010010100000011
00000010000001010000110001100011
00000000010001010010001100000011
00000000001000110001001110000011
11111110110000111001100011100011
00000000000000001000000001100111
00000010000001010000001001100011
00000000000001011001011100000011
00000000110000000000000001101111
00000000000001010010010100000011
00000000000001010000110001100011
00000000010001010010011110000011
00000000000001111100001010000011
11111110111000101001100011100011
00000000000000001000000001100111
00000000000000000000010100010011
00000000000000001000000001100111
00000000000000001000000001100111
00000010000001010000000001100011
00000000000000000000011100010011
00000000100000000000000001101111
00000000000001111000010100010011
00000000000001010010011110000011
00000000111001010010000000100011
00000000000001010000011100010011
11111110000001111001100011100011
00000000000000001000000001100111
11111101000000010000000100010011
00000010100000010010010000100011
00000001011000010010100000100011
00000001011100010010011000100011
00000001100100010010001000100011
00000001101000010010000000100011
00000010000100010010011000100011
00000010100100010010001000100011
00000011001000010010000000100011
00000001001100010010111000100011
00000001010000010010110000100011
00000001010100010010101000100011
00000001100000010010010000100011
00000000000001010000010000010011
00000000000001011000101100010011
00000000000001100000110100010011
00000000000100000000101110010011
00000000000100000000110010010011
00011010000001000000001001100011
00000000000000000000110000010011
00000000000000000000010010010011
00000000000000000000101010010011
00000000011110111111011100010011
00000000000111000000110000010011
00000000000001000000011110010011
00000000000000000000100100010011
00001000000001110000011001100011
00000000000100000000011010010011
00000110110101110000101001100011
00000000001000000000000010010011
00000110000101110000000001100011
00000000001100000000001010010011
00000100010101110000011001100011
00000000010000000000001100010011
00000010011001110000110001100011
00000000010100000000001110010011
00000010011101110000001001100011
00000000011000000000010100010011
00000000101001110000100001100011
00000000000001000010011110000011
00000000000100000000100100010011
00001010000001111000101001100011
00000000000001111010011110000011
00000000000110010000100100010011
00001010000001111000010001100011
00000000000001111010011110000011
00000000000110010000100100010011
00001000000001111000111001100011
00000000000001111010011110000011
00000000000110010000100100010011
00001000000001111000100001100011
00000000000001111010011110000011
00000000000110010000100100010011
00001000000001111000001001100011
00000000000001111010011110000011
00000000000110010000100100010011
00000110000001111000110001100011
00000000000001111010011110000011
00000000000110010000100100010011
00000110000001111000011001100011
00000111001010111000010001100011
00000000000001111010011110000011
00000000000110010000100100010011
00000000000010010000010110010011
00000100000001111000110001100011
00000000000001111010011110000011
00000000000110010000100100010011
00000100000001111000011001100011
00000000000001111010011110000011
00000000001001011000100100010011
00000100000001111000000001100011
00000000000001111010011110000011
00000000001101011000100100010011
00000010000001111000101001100011
00000000000001111010011110000011
00000000010001011000100100010011
00000010000001111000010001100011
00000000000001111010011110000011
00000000010101011000100100010011
00000000000001111000111001100011
00000000000001111010011110000011
00000000011001011000100100010011
00000000000001111000100001100011
00000000000001111010011110000011
00000000011101011000100100010011
11111000000001111001111011100011
00000000000001000000101000010011
00000000000010111000100110010011
00000000000001111000010000010011
00000010000010010000111001100011
00000100000010011000111001100011
00000100000001000000110001100011
00000000010001000010010110000011
00000000010010100010010100000011
00000000000011010000011000010011
00000000000010110000000011100111
00000100101000000101001001100011
00000000000001000000011000010011
00000000000001000010010000000011
11111111111110011000100110010011
00000010000001001000010001100011
00000000110001001010000000100011
00000000000001100000010010010011
11111100000010010001011011100011
00000010000010011000101001100011
00000010000001000000101001100011
00000000000001000000011000010011
11111111111110011000100110010011
00000000000001000010010000000011
11111110000001001001000011100011
00000000000001100000101010010011
00000000000001100000010010010011
11111101110111111111000001101111
00000000000010100000011000010011
11111111111110010000100100010011
00000000000010100010101000000011
11111100000111111111000001101111
11101000000001000001001011100011
00000000000001001010000000100011
00000001100111000000110001100011
00000000000110111001101110010011
00000000000010101000010000010011
11100110000111111111000001101111
00000000000000000010000000100011
00000000000100000000000001110011
00000010110000010010000010000011
00000010100000010010010000000011
00000010010000010010010010000011
00000010000000010010100100000011
00000001110000010010100110000011
00000001100000010010101000000011
00000001000000010010101100000011
00000000110000010010101110000011
00000000100000010010110000000011
00000000010000010010110010000011
00000000000000010010110100000011
00000000000010101000010100010011
00000001010000010010101010000011
00000011000000010000000100010011
00000000000000001000000001100111
00000000000001010000011000010011
00000000010001010001010100000011
11111110000000010000000100010011
00000000100000010010110000100011
00000000000100010010111000100011
00000000100100010010101000100011
00000001001000010010100000100011
00000001001100010010011000100011
00000001010000010010010000100011
00000001010100010010001000100011
00000010010001100010010000000011
00100100101000000101011001100011
00000000000001011000010010010011
00000000000000000000100010010011
00000000000000000000111000010011
00000000000000000000111010010011
00000000000000000000100000010011
00001111111110001111101000010011
00011110000001001100001001100011
00100010000001000000111001100011
00000000000001000000011110010011
00000000110000000000000001101111
00000000000001111010011110000011
00000000000001111000100001100011
00000000010001111010001010000011
00000000001000101001001110000011
11111110100100111001100011100011
00000000000000000000011010010011
00000000110000000000000001101111
00000000000001000000011010010011
00000000000010010000010000010011
00000000000001000010100100000011
00000000110101000010000000100011
11111110000010010001100011100011
00011100000001111000010001100011
00000000010001111010100110000011
00000000000111101000001100010011
00000001000000110001101010010011
00000000000010011001111100000011
00000001000010101101111010010011
00000000000111110111111110010011
00000000000011111000110001100011
01000000100111110101011100010011
00000000000101110111000010010011
00000000000110000000100000110011
00000001000010000001001010010011
00000001000000101101100000010011
00000000000001111010001110000011
00000000000000111000110001100011
00000000000000111010011010000011
00000000110101111010000000100011
00000000000001000010011110000011
00000000111100111010000000100011
00000000011101000010000000100011
00000000000001001100100001100011
00000000000101001000010010010011
00000001000001001001011100010011
01000001000001110101010010010011
00000000000110001000100010010011
00000001000010001001000010010011
01000001000000001101100010010011
11110101000101010001100011100011
00000000001011101001010100010011
01000001110001010000111010110011
00000001110110000000001010110011
00000001000000101001100000010011
00000001000010000101100100010011
00000000101100000101110001100011
00000000000000000001010110110111
00000000000001000000010100010011
10111111110001011000010110010011
11001011010111111111000011101111
00000000000001010000010000010011
00000000000001000010001110000011
00000000000001000000100110010011
00000000000000111010101010000011
00000000010000111010001100000011
00000000010010101010011000000011
00000000000010101010011010000011
00000000110000111010001000100011
00000000011010101010001000100011
00000000110100111010000000100011
00000000000010101010000000100011
00001100000001001100000001100011
00000000010010011010101000000011
00000000001010100001111100000011
00000000100111110000101001100011
00000000000010011010100110000011
11111110000010011001100011100011
00000000000001000010100110000011
00000010000010011000010001100011
00000000010001000010111110000011
00000000000010010000010110010011
00000000000011111001010100000011
01011101110100000110000011101111
00000000000010011010100110000011
00000000000001010000100100010011
11111110000010011001010011100011
00000000000001000010100110000011
00000000010010101010001100000011
00000000010010011010011100000011
00000000000010011010000010000011
00000000000000000001100010110111
00000000111010101010001000100011
00000000011010011010001000100011
00000000000110101010000000100011
00000001010110011010000000100011
00000000000001000000010100010011
00000000000000000000011000010011
10100110110010001000010110010011
11000001100111111111000011101111
00000000000001010010010000000011
00000000000001010000101010010011
00000010000001000000000001100011
00000000010010101010010100000011
00000000000010010000010110010011
00000000000001010001010100000011
01011000000100000110000011101111
00000000000001000010010000000011
00000000000001010000100100010011
11111110000001000001010011100011
00000001110000010010000010000011
00000001100000010010010000000011
00000001010000010010010010000011
00000000110000010010100110000011
00000000100000010010101000000011
00000000010000010010101010000011
00000000000010010000010100010011
00000001000000010010100100000011
00000010000000010000000100010011
00000000000000001000000001100111
00000000010010011010011110000011
00000000000001111100111000000011
11110101010011100000110011100011
00000000000010011010100110000011
11111110000010011001100011100011
00000000000001000010100110000011
11110100000010011001010011100011
11110110100111111111000001101111
00000100000001000000111001100011
00000000000001000000011110010011
00000000110000000000000001101111
00000000000001111010011110000011
11100010000001111000100011100011
00000000010001111010011100000011
00000000000001110100000010000011
11111110000110100001100011100011
11100010000111111111000001101111
00000000010001101010100100000011
00000000000111100000111000010011
00000001000011100001100110010011
00000000000110010000001100000011
00000001000010011101111000010011
00000000000100110111101010010011
00000001010110000000111100110011
00000001000011110001111110010011
00000001000011111101100000010011
11100110010111111111000001101111
00000000000000000000101000010011
00000000000001011000010010010011
00000000000000000000100100010011
11101000100111111111000001101111
00000000000000000010011110000011
00000000000100000000000001110011
00000001010000000000011100010011
00000010111001010101001010110011
00000000000001011010000000100011
00000000000001011000010100010011
00000001000001011000011110010011
00000000100001011000100000010011
11111111111111111000011010110111
00001000000001101000001100010011
11111111111000101000010110010011
00000000001101011001100010010011
00000001000101010000100010110011
00000001000101010010001000100011
00000000001001011001111000010011
00000000000010001001000100100011
00000000011010001001000000100011
00000001110010001000111000110011
00000000010010001000001110010011
00110101000101111111001001100011
00000000100010001000011100010011
00110011110001110111111001100011
00000000000001010010010000100011
00000001000001010010000000100011
00000000011101010010011000100011
11111111111101101100111010010011
11111111111100000000111100010011
00000001111010001001001000100011
00000001110110001001001100100011
00101000000001011000011001100011
00000001000001100001111110010011
11111111111111111000001100110111
00000000001101011111001010010011
00000001000011111101111100010011
00000000000000000000011010010011
11111111111100110100111010010011
00010000000000101000011001100011
00000000000100000000001110010011
00001010011100101000010001100011
00000000001000000000111110010011
00000101111100101000010001100011
00000000100001111000001010010011
00000011000100101111111001100011
00000000010001110000001100010011
00000011110000110111101001100011
00000000001111110001011010010011
00000001000001111010000000100011
00000111100001101111001110010011
00000000111101010010000000100011
00000000100000111001100000010011
00000000111001111010001000100011
00000000011110000110111110110011
00000001111101110001000000100011
00000001110101110001000100100011
00000000000001111000100000010011
00000000000000110000011100010011
00000000000000101000011110010011
00000000000100000000011010010011
00000000100001111000001010010011
00000101000100101111100001100011
00000000010001110000001110010011
00000101110000111111010001100011
00000001000001101001001100010011
00000001000000110101111110010011
00000001111011111100001100110011
00000000001100110001001100010011
00000111100000110111001100010011
00000000011111111111111110010011
00000001000001111010000000100011
00000001111100110110100000110011
00000000111101010010000000100011
00000000100010000001001100010011
00000000111001111010001000100011
00000001000000110110111110110011
00000001111101110001000000100011
00000001110101110001000100100011
00000000000001111000100000010011
00000000000000111000011100010011
00000000000000101000011110010011
00000000000101101000011010010011
00000000100001111000001010010011
00000101000100101111100001100011
00000000010001110000001110010011
00000101110000111111010001100011
00000001000001101001001100010011
00000001000000110101111110010011
00000001111011111100001100110011
00000000001100110001001100010011
00000111100000110111001100010011
00000000011111111111111110010011
00000001000001111010000000100011
00000001111100110110100000110011
00000000111101010010000000100011
00000000100010000001001100010011
00000000111001111010001000100011
00000001000000110110111110110011
00000001111101110001000000100011
00000001110101110001000100100011
00000000000001111000100000010011
00000000000000111000011100010011
00000000000000101000011110010011
00000000000101101000011010010011
00010110110101011000010001100011
00000000100001111000001010010011
00000101000100101111100001100011
00000000010001110000001110010011
00000101110000111111010001100011
00000001000001101001001100010011
00000001000000110101111110010011
00000001111011111100001100110011
00000000001100110001001100010011
00000111100000110111001100010011
00000000011111111111111110010011
00000001000001111010000000100011
00000001111100110110100000110011
00000000111101010010000000100011
00000000100010000001001100010011
00000000111001111010001000100011
00000001000000110110111110110011
00000001111101110001000000100011
00000001110101110001000100100011
00000000000001111000100000010011
00000000000000111000011100010011
00000000000000101000011110010011
00000000100001111000001010010011
00000000000101101000011010010011
00000101000100101111100001100011
00000000010001110000001110010011
00000101110000111111010001100011
00000001000001101001001100010011
00000001000000110101111110010011
00000001111011111100001100110011
00000000001100110001001100010011
00000111100000110111001100010011
00000000011111111111111110010011
00000001000001111010000000100011
00000001111100110110100000110011
00000000111101010010000000100011
00000000100010000001001100010011
00000000111001111010001000100011
00000001000000110110111110110011
00000001111101110001000000100011
00000001110101110001000100100011
00000000000001111000100000010011
00000000000000111000011100010011
00000000000000101000011110010011
00000000100001111000001010010011
00000000000101101000001100010011
00000101000100101111100001100011
00000000010001110000001110010011
00000101110000111111010001100011
00000001000000110001111110010011
00000001000011111101111110010011
00000001111011111100001100110011
00000000001100110001001100010011
00000111100000110111001100010011
00000000011111111111111110010011
00000001000001111010000000100011
00000001111100110110100000110011
00000000111101010010000000100011
00000000100010000001001100010011
00000000111001111010001000100011
00000001000000110110111110110011
00000001111101110001000000100011
00000001110101110001000100100011
00000000000001111000100000010011
00000000000000111000011100010011
00000000000000101000011110010011
00000000100001111000001010010011
00000000001001101000001100010011
00000101000100101111100001100011
00000000010001110000001110010011
00000101110000111111010001100011
00000001000000110001111110010011
00000001000011111101111110010011
00000001111011111100001100110011
00000000001100110001001100010011
00000111100000110111001100010011
00000000011111111111111110010011
00000001000001111010000000100011
00000001111100110110100000110011
00000000111101010010000000100011
00000000100010000001001100010011
00000000111001111010001000100011
00000001000000110110111110110011
00000001111101110001000000100011
00000001110101110001000100100011
00000000000001111000100000010011
00000000000000111000011100010011
00000000000000101000011110010011
00000000001101101000011010010011
11101010110101011001000011100011
00000000000010000010100010000011
00000110000010001000111001100011
00000000010100000000111000010011
00000000000000000100111100110111
00000011110001011101010110110011
00100000000000000000011100010011
00000000000100000000011010010011
11111111111111110000111000010011
00000010100000000000000001101111
00000000000010001010011110000011
00010000000001110000011100010011
00000000110111111001000100100011
00000000000010001000100000010011
00000001000001110001100010010011
00000000000101101000011010010011
00000001000010001101011100010011
00000100000001111000000001100011
00000000000001111000100010010011
01110000000001110111111010010011
00000000110101100100001010110011
00000000010111101110001110110011
00000000010010000010111110000011
00000001110000111111001100110011
11111100101101101110010011100011
00000000000010001010011110000011
00010000000001110000011100010011
00000000000010001000100000010011
00000000011011111001000100100011
00000001000001110001100010010011
00000000000101101000011010010011
00000001000010001101011100010011
11111100000001111001010011100011
00000000000000000001010110110111
00000000000000000000011000010011
10100110110001011000010110010011
11111011110011111111000001101111
00000000000010000000011110010011
00000000000000111000011100010011
00000000000000000000100000010011
11001101100111111111000001101111
11111101000000010000000100010011
00000011001000010010001000100011
00000010100000010010011000100011
00000010100100010010010000100011
00000011001100010010000000100011
00000001010000010010111000100011
00000001010100010010110000100011
00000001011000010010101000100011
00000001011100010010100000100011
00000001100000010010011000100011
00000001100100010010010000100011
00000001101000010010001000100011
00000000000001010000100000010011
00000000000001101000100100010011
00000000000001100001010001100011
00000000000100000000011000010011
11111111111101011000010110010011
11111111110001011111010000010011
00000000010001000000101000010011
00000000000000000000011110010011
00110010000010000000100001100011
00000000000001111000010100010011
00000000000101111000011110010011
00000010111101111000011100110011
00000000001101110001001010010011
11111111000000101110100011100011
00000010101001010000001100110011
00000000000001010000101010010011
00000000000100110001010010010011
00000000100110100000010000110011
00101010000001010000101001100011
00000000000000010000111010110111
00000000000000000000011010010011
00000000000000000000001110010011
00000000000100000000111110010011
01000000100010100000111100110011
11111111111111101000111010010011
11111111111101010000100110010011
00000011111101100000011000110011
00000001000011111001100010010011
00000001000010001101101100010011
00000000000101101001101110010011
00000000100010111000110000110011
11111111111101010000110100010011
00000000001111010111011100010011
00000001100011110000110010110011
00000000000100000000111000010011
00000000000111111000100000010011
01000001111101100101011110010011
00000001000001111101001010010011
00000000010101100000001100110011
00000001110100110111011000110011
01000000010101100000011000110011
00000000110010110000100010110011
00000001000010001001101110010011
00000001000010111101110100010011
00000001011011010000101100110011
00000001101011000001000000100011
00001111111110110111011110010011
00000000111111001001000000100011
00000000001011000000010110010011
00100000101011100111110001100011
00001110000001110000110001100011
00001011110001110000001001100011
00000000001000000000110010010011
00000101100101110000100001100011
00000011000001100000001010110011
00000001000010000001111000010011
00000001000011100101100010010011
00000000101111110000001100110011
00000000010011000000010110010011
00000000001011111000100000010011
00000000001000000000111000010011
01000001111100101101011100010011
00000001000001110101101110010011
00000001011100101000011000110011
00000001110101100111110100110011
01000001011111010000011000110011
00000000110010001000101100110011
00000001000010110001011110010011
00000001000001111101110010010011
00000001000111001000001010110011
00000001100111000001000100100011
00001111111100101111110000010011
00000001100000110001000000100011
00000011000001100000001100110011
00000001000010000001100010010011
00000001000010001101101110010011
00000000101111110000110100110011
00000000000111100000111000010011
00000000000110000000100000010011
00000000001001011000010110010011
01000001111100110101011100010011
00000001000001110101101100010011
00000001011000110000011000110011
00000001110101100111011110110011
01000001011001111000011000110011
00000000110010111000110010110011
00000001000011001001001010010011
00000001000000101101110000010011
00000001011111000000001100110011
11111111100001011001111100100011
00001111111100110111100010010011
00000001000111010001000000100011
00000011000001100000101110110011
00000001000010000001110100010011
00000001000011010101101100010011
00000000101111110000110010110011
00000000001001011000010110010011
00000000000111100000111000010011
00000000000110000000100000010011
01000001111110111101011100010011
00000001000001110101011110010011
00000000111110111000011000110011
00000001110101100111001010110011
01000000111100101000011000110011
00000000110010110000110000110011
00000001000011000001001100010011
00000001000000110101100010010011
00000001011010001000101110110011
11111111000101011001111100100011
00001111111110111111110100010011
00000001101011001001000000100011
00010010101011100111000001100011
00000011000001100000011000110011
00000000000110000000011100010011
00000001000001110001110000010011
00000001000010000001110010010011
00000001000011001101001010010011
00000000101111110000110010110011
00000001000011000101101110010011
00000000000011001000110000010011
00000000001010000000011110010011
00000001000001111001001100010011
01000001111101100101110100010011
00000001000011010101110100010011
00000001101001100000011000110011
00000001110101100111011000110011
01000001101001100000110100110011
00000010111011010000011100110011
00000001101000101000011000110011
00000001000001100001110100010011
00000001000011010101011000010011
00000000010101100000001010110011
00000000110001011001000000100011
00001111111100101111110100010011
00000001101011001001000000100011
00000000000011001000011000010011
00000000000011001000001010010011
01000001111101110101110010010011
00000001000011001101110100010011
00000001101001110000011100110011
00000001110101110111110010110011
01000001101011001000110100110011
00000010111111010000011110110011
00000001101010111000011100110011
00000001000001110001110010010011
00000001000011001101110100010011
00000001011111010000101110110011
00000001101001011001000100100011
00001111111110111111011100010011
00000000111011000001000100100011
00000000001110000000101100010011
00000001000010110001100010010011
01000001111101111101110000010011
00000001000011000101110010010011
00000001100101111000011110110011
00000001110101111111110100110011
01000001100111010000101110110011
00000011011010111000101100110011
00000001000000110101001100010011
00000001011100110000011100110011
00000001000001110001110000010011
00000001000011000101110010010011
00000000011011001000001100110011
00000001100101011001001000100011
00001111111100110111011110010011
00000000111101100001001000100011
00000001000010001101100010010011
01000001111110110101011000010011
00000001000001100101110100010011
00000001101010110000101110110011
00000001110110111111101100110011
01000001101010110000011000110011
00000000110010001000011100110011
00000001000001110001110000010011
00000001000011000101110010010011
00000001000111001000100010110011
00001111111110001111001100010011
00000001100101011001001100100011
00000000010011100000111000010011
00000000011000101001001100100011
00000000100001011000010110010011
00000000010010000000100000010011
11101110101011100110010011100011
00000000000111111000111110010011
00000000000000000000111000010011
00000000000001010000010001100011
00000000000010011000111000010011
00000000000100111000001110010011
00000001111111100000111110110011
00000000101001101000011010110011
11010110101000111110100011100011
00000000100101000000010010110011
11111111111101001000011010010011
00000000100010010010010000100011
11111111110001101111001110010011
00000010110000010010010000000011
00000000010000111000111100010011
00000001010010010010001000100011
00000001010110010010000000100011
00000001111010010010011000100011
00000010100000010010010010000011
00000010010000010010100100000011
00000010000000010010100110000011
00000001110000010010101000000011
00000001100000010010101010000011
00000001010000010010101100000011
00000001000000010010101110000011
00000000110000010010110000000011
00000000100000010010110010000011
00000000010000010010110100000011
00000011000000010000000100010011
00000000000000001000000001100111
00000000011001000000010000010011
11111111111100000000101010010011
11111111111100000000010100010011
00000000001000000000010010010011
11001110110111111111000001101111
11111101000000010000000100010011
00000010100000010010010000100011
00000001001100010010111000100011
00000001010000010010110000100011
00000001011000010010100000100011
11111111111111111111010000110111
00000010000100010010011000100011
00000010100100010010001000100011
00000011001000010010000000100011
00000001010100010010101000100011
00000001011100010010011000100011
00000001100000010010010000100011
00000001100100010010001000100011
00000001101000010010000000100011
00000000000001011000100110010011
00000000000001100000101000010011
00000000000001101000101100010011
00000000100001110110010000110011
00000000000001010001010001100011
00110001010000000001000001101111
00000000000101010001010110010011
01000000101000000000110000110011
00000000110001011000010110110011
00000001000001110001000010010011
00000000000111000001100000010011
00000000000001010000111100010011
00000001000000001101100100010011
00000000000001011000011010010011
00000000000000000000101110010011
00000000001011000001110000010011
00000000110110000000011000110011
01000000110001101000011110110011
11111111111001111000001010010011
00000000000100101101001100010011
00000000000100110000001110010011
00000000011100111111100010010011
00000000000001100000001010010011
00001010000010001000010001100011
00000000000100000000010100010011
00001000101010001000011001100011
00000000001000000000110010010011
00000111100110001000101001100011
00000000001100000000110100010011
00000101101010001000111001100011
00000000010000000000111000010011
00000101110010001000001001100011
00000000010100000000111010010011
00000011110110001000011001100011
00000000011000000000111110010011
00000001111110001000101001100011
00000000000001100101010010000011
00000000001001100000001010010011
00000000100110010000101010110011
00000001010101100001000000100011
00000000000000101101000010000011
00000000001000101000001010010011
00000000000110010000011110110011
11111110111100101001111100100011
00000000000000101101001100000011
00000000001000101000001010010011
00000000011010010000001110110011
11111110011100101001111100100011
00000000000000101101100010000011
00000000001000101000001010010011
00000001000110010000010100110011
11111110101000101001111100100011
00000000000000101101110010000011
00000000001000101000001010010011
00000001100110010000110100110011
11111111101000101001111100100011
00000000000000101101111000000011
00000000001000101000001010010011
00000001110010010000111010110011
11111111110100101001111100100011
00000000000000101101111110000011
00000000001000101000001010010011
00000001111110010000010010110011
11111110100100101001111100100011
00000110010101101000011001100011
00000000000000101101101010000011
00000000001000101101000010000011
00000000010000101101010100000011
00000000011000101101110010000011
00000000100000101101110100000011
00000000101000101101001100000011
00000000110000101101100010000011
00000000111000101101011110000011
00000001010110010000001110110011
00000000000110010000111110110011
00000000101010010000010010110011
00000001100110010000111010110011
00000001101010010000111000110011
00000000011010010000101010110011
00000001000110010000000010110011
00000000111110010000010100110011
00000000011100101001000000100011
00000001111100101001000100100011
00000000100100101001001000100011
00000001110100101001001100100011
00000001110000101001010000100011
00000001010100101001010100100011
00000000000100101001011000100011
00000000101000101001011100100011
00000001000000101000001010010011
11111000010101101001111011100011
00000000000110111000010010010011
01000001100001100000011010110011
00000000100111110000011001100011
00000000000001001000101110010011
11101100010111111111000001101111
00000000000000000000111000010011
00000000000000000000111010010011
00000000101110000000110010110011
01000001100101011000011000110011
11111111111001100000001010010011
00000000000100101101111100010011
00000000000111110000110100010011
00000000001011100001001100010011
00000000011111010111001110010011
00000001001100110000011110110011
00000000000011001000011010010011
00001100000000111000001001100011
00000000000100000000100010010011
00001011000100111000001001100011
00000000001000000000111110010011
00001001111100111000010001100011
00000000001100000000101010010011
00000111010100111000011001100011
00000000010000000000000010010011
00000100000100111000100001100011
00000000010100000000010100010011
00000010101000111000101001100011
00000000011000000000011000010011
00000000110000111000110001100011
00000000000011001001001010000011
00000000001011001000011010010011
00000000010001111000011110010011
00000010111000101000111100110011
11111111111001111010111000100011
00000000000001101001110100000011
00000000010001111000011110010011
00000000001001101000011010010011
00000010111011010000001100110011
11111110011001111010111000100011
00000000000001101001001110000011
00000000010001111000011110010011
00000000001001101000011010010011
00000010111000111000100010110011
11111111000101111010111000100011
00000000000001101001111110000011
00000000010001111000011110010011
00000000001001101000011010010011
00000010111011111000101010110011
11111111010101111010111000100011
00000000000001101001000010000011
00000000010001111000011110010011
00000000001001101000011010010011
00000010111000001000010100110011
11111110101001111010111000100011
00000000000001101001011000000011
00000000010001111000011110010011
00000000001001101000011010010011
00000010111001100000001010110011
11111110010101111010111000100011
00000000000001101001111100000011
00000000010001111000011110010011
00000000001001101000011010010011
00000010111011110000110100110011
11111111101001111010111000100011
00000110101101101000100001100011
00000000000001101001101010000011
00000000001001101001001110000011
00000000010001101001000010000011
00000000011001101001111110000011
00000000100001101001010100000011
00000000101001101001001100000011
00000000110001101001100010000011
00000000111001101001011000000011
00000010111010101000001010110011
00000001000001101000011010010011
00000010000001111000011110010011
00000010111000111000111100110011
11111110010101111010000000100011
00000010111000001000110100110011
11111111111001111010001000100011
00000010111011111000101010110011
11111111101001111010010000100011
00000010111001010000001110110011
11111111010101111010011000100011
00000010111000110000000010110011
11111110011101111010100000100011
00000010111010001000111110110011
11111110000101111010101000100011
00000010111001100000010100110011
11111111111101111010110000100011
11111110101001111010111000100011
11111000101101101001110011100011
00000000000111101000011010010011
00000000100111100000111000110011
01000001100011001000010110110011
00000001011111101000011001100011
00000000000001101000111010010011
11101001100111111111000001101111
00000000001001001001011100010011
00000000111010011000101010110011
01000000100100000000111010110011
00000000000010101000011100010011
00000000000000000000010100010011
00000000000000000000100000010011
00000000000000000000010110010011
00000000000000000000011000010011
00000000001111101001110010010011
00000000111011000000001010110011
01000000010101110000011110110011
11111111110001111000001100010011
00000000001000110101100010010011
00000000000110001000111100010011
00000000011111110111110100010011
00000000000000101000011110010011
00101000000011010000110001100011
00000000000100000000001110010011
00010010011111010000101001100011
00000000001000000000000010010011
00010000000111010000000001100011
00000000001100000000111110010011
00001101111111010000011001100011
00000000010000000000011010010011
00001000110111010000110001100011
00000000010100000000111000010011
00000111110011010000001001100011
00000000011000000000111010010011
00000011110111010000100001100011
00000000000010000000011110010011
00000000000000101010100000000011
00000001000001010001010100010011
00000001000001010101001100010011
00000001000001011000010110110011
01111000101101000100001011100011
00000001000001111010100010110011
00000001000100110000111100110011
00000001000011110001110100010011
01000001000011010101010100010011
00000000010000101000011110010011
00000000000010000000000010010011
00000000000001111010100000000011
00000001000001010001111110010011
00000001000011111101011010010011
00000001000001011000010110110011
00111010101101000100100001100011
00000001000000001010111000110011
00000001110001101000111010110011
00000001000011101001010100010011
01000001000001010101010100010011
00000000010001111000011110010011
00000000000010000000111100010011
00000000000001111010100000000011
00000001000001010001110100010011
00000001000011010101001110010011
00000001000001011000010110110011
00110110101101000100100001100011
00000001000011110010000010110011
00000000000100111000111110110011
00000001000011111001011010010011
01000001000001101101010100010011
00000000010001111000011110010011
00000000000010000000111010010011
00000000000001111010100000000011
00000001000001010001010100010011
00000001000001010101001100010011
00000001000001011000010110110011
00110010101101000100100001100011
00000001000011101010100010110011
00000001000100110000111100110011
00000001000011110001110100010011
01000001000011010101010100010011
00000000010001111000011110010011
00000000000010000000111110010011
00000000000001111010100000000011
00000001000001010001011010010011
00000001000001101101111000010011
00000001000001011000010110110011
00101110101101000100100001100011
00000001000011111010111010110011
00000001110111100000010100110011
00000001000001010001001100010011
01000001000000110101010100010011
00000000010001111000011110010011
00000000000010000000111100010011
00000000000001111010100000000011
00000001000001010001110100010011
00000001000011010101001110010011
00000001000001011000010110110011
00101010101101000100100001100011
00000001000011110010000010110011
00000000000100111000111110110011
00000001000011111001011010010011
01000001000001101101010100010011
00000000010001111000011110010011
00000000000010000000001100010011
00000000000001111010100000000011
00000001000001010001010100010011
00000001000001010101111100010011
00000001000001011000010110110011
00100110101101000100100001100011
00000001000000110010100010110011
00000001000111110000110100110011
00000001000011010001001110010011
01000001000000111101010100010011
00000000010001111000011110010011
00010010111101110001100001100011
00000000000101100000111000010011
01000001100100101000011100110011
00101101011101100000001001100011
00000000000011100000011000010011
11100110100111111111000001101111
00000000010001111010001110000011
00000000101011100000100010010011
00000001000010001001110100010011
01000001000011010101111100010011
00000000000000000000111010010011
00000001000011110001010110010011
00000000011111101000111100110011
00000000010001111000011110010011
00000001000001011101000010010011
00010011111001000101100001100011
00000000101000001000111010010011
00000000010001111010100010000011
00000001000011101001100000010011
01000001000010000101001100010011
00000000000000000000111100010011
00000001000000110001010100010011
00000001000111110000111010110011
00000001000001010101110100010011
00010011110101000100100001100011
00000001000100111010001110110011
00000000100001111010100000000011
00000000011111010000000010110011
00000001000000001001111110010011
01000001000011111101111000010011
00000001000011100001001100010011
00000001000011101000010110110011
00000001000000110101111100010011
00010010101101000100100001100011
00000001000010001010100010110011
00000000110001111010011010000011
00000001000111110000010100110011
00000001000001010001110100010011
01000001000011010101111110010011
00000001000011111001111000010011
00000000110101011000001110110011
00000001000011100101111010010011
00010010011101000100100001100011
00000000110110000010100000110011
00000001000001111010000010000011
00000001000011101000001100110011
00000001000000110001111100010011
01000001000011110101110100010011
00000001000011010001111110010011
00000000000100111000110100110011
00000001000011111101111000010011
00010011101001000100100001100011
00000000000101101010011010110011
00000001010001111010100010000011
00000000110111100000111010110011
00000001000011101001100000010011
01000001000010000101111100010011
00000001000011110001010100010011
00000001000111010000010110110011
00000001000001010101001110010011
00010010101101000100100001100011
00000001000100001010000010110011
00000001100001111010100000000011
00000000000100111000111110110011
00000001000011111001111000010011
01000001000011100101001100010011
00000001000000110001111100010011
00000001000001011000010110110011
00000001000011110101110100010011
00010010101101000100100001100011
00000001000010001010100010110011
00000001000111010000010100110011
00000001000001010001001110010011
01000001000000111101010100010011
00000001110001111000011110010011
11101100111101110000110011100011
00000000000001111010111110000011
00000001000001010001011010010011
00000001000001101101111000010011
00000001111101011000111010110011
11101101110101000100110011100011
00000001111110000010100000110011
00000000010001111010001110000011
00000001000011100000001100110011
00000001000000110001010100010011
01000001000001010101111100010011
00000001000011110001010110010011
00000000011111101000111100110011
00000000010001111000011110010011
00000001000001011101000010010011
11101101111001000100110011100011
00000000011111111010111110110011
00000000010001111010100010000011
00000001111100001000011010110011
00000001000001101001111000010011
01000001000011100101001100010011
00000001000000110001010100010011
00000001000111110000111010110011
00000001000001010101110100010011
11101101110101000101110011100011
00000000101011010000010110010011
00000000100001111010100000000011
00000001000001011001011010010011
01000001000001101101111000010011
00000000000000000000111010010011
00000001000011100001001100010011
00000001000011101000010110110011
00000001000000110101111100010011
11101100101101000101110011100011
00000000101011110000001110010011
00000000110001111010011010000011
00000001000000111001000010010011
01000001000000001101111110010011
00000000000000000000010110010011
00000001000011111001111000010011
00000000110101011000001110110011
00000001000011100101111010010011
11101100011101000101110011100011
00000001000001111010000010000011
00000000101011101000100010010011
00000001000010001001010100010011
01000001000001010101110100010011
00000000000000000000001110010011
00000001000011010001111110010011
00000000000100111000110100110011
00000001000011111101111000010011
11101101101001000101110011100011
00000000101011100000010110010011
00000001010001111010100010000011
00000001000001011001001100010011
01000001000000110101111100010011
00000000000000000000110100010011
00000001000011110001010100010011
00000001000111010000010110110011
00000001000001010101001110010011
11101100101101000101110011100011
00000001100001111010100000000011
00000000101000111000011010010011
00000001000001101001111010010011
01000001000011101101001100010011
00000000000000000000010110010011
00000001000000110001111100010011
00000001000001011000010110110011
00000001000011110101110100010011
11101100101101000101110011100011
00000000101011010000000010010011
00000001000000001001111110010011
01000001000011111101010100010011
00000000000000000000010110010011
11101101010111111111000001101111
00000000101011110000010110010011
00000001000001011001000010010011
01000001000000001101010100010011
00000000000000000000010110010011
11011001010111111111000001101111
00000000101000111000111000010011
00000001000011100001111010010011
01000001000011101101010100010011
00000000000000000000010110010011
11010101010111111111000001101111
00000000101011100000010110010011
00000001000001011001100010010011
01000001000010001101010100010011
00000000000000000000010110010011
11010001010111111111000001101111
00000000101000110000001110010011
00000001000000111001000010010011
01000001000000001101010100010011
00000000000000000000010110010011
11001101010111111111000001101111
00000000101000111000010110010011
00000001000001011001111000010011
01000001000011100101010100010011
00000000000000000000010110010011
11001001010111111111000001101111
00000000101001101000001100010011
00000001000000110001100010010011
01000001000010001101010100010011
00000000000000000000010110010011
11000101010111111111000001101111
00000000000000000000010110010011
01011111000100000101000011101111
00000000000010100000011000010011
00000000000010011000010110010011
00000000000001010000110100010011
00000000000010110000011010010011
00000000000001001000010100010011
01101001000000000100000011101111
00000000000000000000010100010011
00000000000000000000100000010011
00000000000000000000010110010011
00000000000000000000011000010011
00000001010111000000001010110011
01000000010110101000011010110011
11111111110001101000111010010011
00000000001011101101001100010011
00000000000100110000111100010011
00000000011111110111001110010011
00000000000000101000011100010011
00101000000000111000110001100011
00000000000100000000100010010011
00010011000100111000101001100011
00000000001000000000000010010011
00010000000100111000000001100011
00000000001100000000111110010011
00001101111100111000011001100011
00000000010000000000011110010011
00001000111100111000110001100011
00000000010100000000111000010011
00000111110000111000001001100011
00000000011000000000011010010011
00000010110100111000100001100011
00000000000010000000011100010011
00000000000000101010100000000011
00000001000001010001010100010011
00000001000001010101111010010011
00000001000001011000010110110011
00110000101101000100101011100011
00000001000001110010001100110011
00000000011011101000111100110011
00000001000011110001001110010011
01000001000000111101010100010011
00000000010000101000011100010011
00000000000010000000000010010011
00000000000001110010100000000011
00000001000001010001111110010011
00000001000011111101111000010011
00000001000001011000010110110011
00111010101101000100100001100011
00000001000000001010011110110011
00000000111111100000011010110011
00000001000001101001010100010011
01000001000001010101010100010011
00000000010001110000011100010011
00000000000010000000111100010011
00000000000001110010100000000011
00000001000001010001001110010011
00000001000000111101100010010011
00000001000001011000010110110011
00110110101101000100100001100011
00000001000011110010000010110011
00000000000110001000111110110011
00000001000011111001111000010011
01000001000011100101010100010011
00000000010001110000011100010011
00000000000010000000011010010011
00000000000001110010100000000011
00000001000001010001010100010011
00000001000001010101111010010011
00000001000001011000010110110011
00110010101101000100100001100011
00000001000001101010001100110011
00000000011011101000111100110011
00000001000011110001001110010011
01000001000000111101010100010011
00000000010001110000011100010011
00000000000010000000111110010011
00000000000001110010100000000011
00000001000001010001111000010011
00000001000011100101011010010011
00000001000001011000010110110011
00101110101101000100100001100011
00000001000011111010011110110011
00000000111101101000010100110011
00000001000001010001111010010011
01000001000011101101010100010011
00000000010001110000011100010011
00000000000010000000111100010011
00000000000001110010100000000011
00000001000001010001001110010011
00000001000000111101100010010011
00000001000001011000010110110011
00101010101101000100100001100011
00000001000011110010000010110011
00000000000110001000111110110011
00000001000011111001111000010011
01000001000011100101010100010011
00000000010001110000011100010011
00000000000010000000111010010011
00000000000001110010100000000011
00000001000001010001010100010011
00000001000001010101001100010011
00000001000001011000010110110011
00100110101101000100100001100011
00000001000011101010111100110011
00000001111000110000001110110011
00000001000000111001100010010011
01000001000010001101010100010011
00000000010001110000011100010011
00010010111010101001100001100011
00000000000101100000111110010011
01000001100100101000101010110011
00101101011101100000001001100011
00000000000011111000011000010011
11100110100111111111000001101111
00000000010001110010000010000011
00000000101001101000111100010011
00000001000011110001001110010011
01000001000000111101001100010011
00000000000000000000111010010011
00000001000000110001100010010011
00000000000111101000001100110011
00000000010001110000011100010011
00000001000010001101111000010011
00010010011001000101100001100011
00000000101011100000010110010011
00000000010001110010010100000011
00000001000001011001100000010011
01000001000010000101011110010011
00000000000000000000001100010011
00000001000001111001111100010011
00000000101000110000010110110011
00000001000011110101001110010011
00010010101101000100100001100011
00000000101000001010000010110011
00000000100001110010100000000011
00000000000100111000100010110011
00000001000010001001111000010011
01000001000011100101111010010011
00000001000011101001011110010011
00000001000001011000111110110011
00000001000001111101001100010011
00010011111101000100100001100011
00000001000001010010010100110011
00000000110001110010011010000011
00000000101000110000111100110011
00000001000011110001001110010011
01000001000000111101111000010011
00000001000011100001111010010011
00000000110111111000000010110011
00000001000011101101011110010011
00010010000101000100100001100011
00000000110110000010100000110011
00000001000001110010100010000011
00000001000001111000001100110011
00000001000000110001010100010011
01000001000001010101001110010011
00000001000000111001111000010011
00000001000100001000010110110011
00000001000011100101111110010011
00010010101101000100100001100011
00000001000101101010011010110011
00000001010001110010010100000011
00000000110111111000111010110011
00000001000011101001011110010011
01000001000001111101111100010011
00000001000011110001001110010011
00000000101001011000001100110011
00000001000000111101000010010011
00010010011001000100100001100011
00000000101010001010100010110011
00000001100001110010100000000011
00000001000100001000111000110011
00000001000011100001111110010011
01000001000011111101011110010011
00000001000001111001111100010011
00000001000000110000010110110011
00000001000011110101001110010011
00010010101101000100100001100011
00000001000001010010010100110011
00000000101000111000000010110011
00000001000000001001100010010011
01000001000010001101010100010011
00000001110001110000011100010011
11101100111010101000110011100011
00000000000001110010111110000011
00000001000001010001111000010011
00000001000011100101011010010011
00000001111101011000111010110011
11101101110101000100110011100011
00000001111110000010100000110011
00000000010001110010000010000011
00000001000001101000011110110011
00000001000001111001010100010011
01000001000001010101001100010011
00000001000000110001100010010011
00000000000111101000001100110011
00000000010001110000011100010011
00000001000010001101111000010011
11101100011001000100110011100011
00000000000111111010111110110011
00000000010001110010010100000011
00000001111111100000011010110011
00000001000001101001111010010011
01000001000011101101011110010011
00000001000001111001111100010011
00000000101000110000010110110011
00000001000011110101001110010011
11101100101101000101110011100011
00000000101000111000111110010011
00000000100001110010100000000011
00000001000011111001011010010011
01000001000001101101111010010011
00000000000000000000010110010011
00000001000011101001011110010011
00000001000001011000111110110011
00000001000001111101001100010011
11101101111101000101110011100011
00000000101000110000000010010011
00000000110001110010011010000011
00000001000000001001100010010011
01000001000010001101111000010011
00000000000000000000111110010011
00000001000011100001111010010011
00000000110111111000000010110011
00000001000011101101011110010011
11101100000101000101110011100011
00000000101001111000010110010011
00000001000001110010100010000011
00000001000001011001111100010011
01000001000011110101001110010011
00000000000000000000000010010011
00000001000000111001111000010011
00000001000100001000010110110011
00000001000011100101111110010011
11101100101101000101110011100011
00000001010001110010010100000011
00000000101011111000100000010011
00000001000010000001001100010011
01000001000000110101111100010011
00000000000000000000010110010011
00000001000011110001001110010011
00000000101001011000001100110011
00000001000000111101000010010011
11101100011001000101110011100011
00000001100001110010100000000011
00000000101000001000011010010011
00000001000001101001111010010011
01000001000011101101011110010011
00000000000000000000001100010011
00000001000001111001111100010011
00000001000000110000010110110011
00000001000011110101001110010011
11101100101101000101110011100011
00000000101000111000010110010011
00000001000001011001111000010011
01000001000011100101010100010011
00000000000000000000010110010011
11101101010111111111000001101111
00000000101000110000010110010011
00000001000001011001000010010011
01000001000000001101010100010011
00000000000000000000010110010011
11011001010111111111000001101111
00000000101010001000011010010011
00000001000001101001011110010011
01000001000001111101010100010011
00000000000000000000010110010011
11010101010111111111000001101111
00000000101001101000010110010011
00000001000001011001001100010011
01000001000000110101010100010011
00000000000000000000010110010011
11010001010111111111000001101111
00000000101011101000100010010011
00000001000010001001000010010011
01000001000000001101010100010011
00000000000000000000010110010011
11001101010111111111000001101111
00000000101010001000010110010011
00000001000001011001011110010011
01000001000001111101010100010011
00000000000000000000010110010011
11001001010111111111000001101111
00000000101011100000111010010011
00000001000011101001001100010011
01000001000000110101010100010011
00000000000000000000010110010011
11000101010111111111000001101111
00000000000011010000010110010011
00010110110100000101000011101111
00000000000010100000011000010011
00000000000010011000010110010011
00000000000001010000101010010011
00000000000010110000011010010011
00000000000001001000010100010011
01000100100000000100000011101111
00000000000000000000101110010011
00000000000000000000010100010011
00000000000000000000011000010011
00000000000000000000010110010011
00000000000000000000110000010011
00000000001010111001110010010011
00000001100110011000110100110011
00000000000001100000001010010011
00000000000011010010011000000011
11111111111101001000011010010011
00000001000001010001011110010011
00000000110001011000010110110011
00000000001101101111111010010011
00000001000001111101001100010011
01100010101101000101011001100011
00000000101000110000010100010011
00000001000001010001000010010011
01000001000000001101010100010011
00000000000000000000010110010011
00000000000100000000100010010011
00000000010011010000100000010011
00011110100110001111000001100011
00010010000011101000110001100011
00000111000111101000011001100011
00000000001000000000111000010011
00000011110011101000101001100011
00000000000001100000011100010011
00000000010011010010011000000011
00000001000001010001111110010011
00000001000011111101110010010011
00000000110001011000010110110011
01100110101101000100000001100011
00000000110001110010110100110011
00000001101011001000001010110011
00000001000000101001011010010011
01000001000001101101010100010011
00000000000110001000100010010011
00000000010010000000100000010011
00000000000001100000011110010011
00000000000010000010011000000011
00000001000001010001001100010011
00000001000000110101111100010011
00000000110001011000010110110011
01100000101101000100010001100011
00000000110001111010001110110011
00000000011111110000010100110011
00000001000001010001000010010011
01000001000000001101010100010011
00000000000110001000100010010011
00000000010010000000100000010011
00000000000001100000111110010011
00000000000010000010011000000011
00000001000001010001110010010011
00000001000011001101110100010011
00000000110001011000010110110011
01011000101101000100111001100011
00000000110011111010001010110011
00000000010111010000011010110011
00000001000001101001111010010011
01000001000011101101010100010011
00000000000110001000100010010011
00000000010010000000100000010011
00001000100110001110110001100011
00010011100000000000000001101111
00000000010010000010110100000011
00000000101000111000111110010011
00000001000011111001110010010011
01000001000011001101011100010011
00000000000000000000000010010011
00000000000110001000001010010011
00000001101000001000000010110011
00000001000001110001100010010011
00000000010010000000100000010011
00000001000010001101011010010011
00001010000101000101010001100011
00000000010010000010111000000011
00000000101001101000010110010011
00000001000001011001111100010011
01000001000011110101001110010011
00000000000000000000000010010011
00000001000000111001011000010011
00000001110000001000111010110011
00000001000001100101010100010011
00001011110101000100010001100011
00000001110011010010011100110011
00000000100010000010011000000011
00000000111001010000111110110011
00000001000011111001110010010011
01000001000011001101011010010011
00000001000001101001011110010011
00000000110011101000010110110011
00000001000001111101001100010011
00001010101101000100010001100011
00000000110011100010111100110011
00000001111000110000001110110011
00000001000000111001000010010011
00000000001100101000100010010011
01000001000000001101010100010011
00000000110010000000100000010011
00001010100110001111010001100011
00000000000010000010001100000011
00000001000001010001111100010011
00000001000011110101001110010011
00000000011001011000000010110011
11110110000101000100000011100011
00000000011001100010011000110011
00000000010010000010110100000011
00000000110000111000010100110011
00000001000001010001111000010011
01000001000011100101011100010011
00000000000110001000001010010011
00000001101000001000000010110011
00000001000001110001100010010011
00000000010010000000100000010011
00000001000010001101011010010011
11110110000101000100000011100011
00000001101000110010111010110011
00000001110101101000011110110011
00000000010010000010111000000011
00000001000001111001001100010011
01000001000000110101001110010011
00000001000000111001011000010011
00000001110000001000111010110011
00000001000001100101010100010011
11110111110101000101000011100011
00000000100010000010011000000011
00000000101001010000110100010011
00000001000011010001100010010011
01000001000010001101011010010011
00000000000000000000111010010011
00000001000001101001011110010011
00000000110011101000010110110011
00000001000001111101001100010011
11110110101101000101000011100011
00000000101000110000010110010011
00000001000001011001111000010011
00000000001100101000100010010011
01000001000011100101010100010011
00000000000000000000010110010011
00000000110010000000100000010011
11110110100110001110000011100011
00000000000111000000110000010011
00000000100110111000101110110011
11011100100111000110110011100011
00000000000010101000010110010011
01110000110000000101000011101111
00000000000010110000011010010011
00000000000010100000011000010011
00000000000001010000101010010011
00000000000010011000010110010011
00000000000001001000010100010011
01001000010000000100000011101111
00000000000000000000101100010011
00000000000000000000010100010011
00000000000000000000011000010011
00000000000000000000111100010011
00000000000000000000101110010011
00000000001010110001110000010011
00000001100010011000001010110011
00000000000001100000011100010011
00000000000000101010011000000011
11111111111101001000111110010011
00000001000001010001010100010011
00000000110011110000111100110011
00000000001111111111110010010011
00000001000001010101110100010011
00111011111001000101110001100011
00000000101011010000001100010011
00000001000000110001111100010011
01000001000011110101010100010011
00000000000000000000111100010011
00000000000100000000100010010011
00000000010000101000100000010011
00011110100110001111000001100011
00010010000011001000110001100011
00000111000111001000011001100011
00000000001000000000001110010011
00000010011111001000101001100011
00000000000001100000000010010011
00000000010000101010011000000011
00000001000001010001111000010011
00000001000011100101110000010011
00000000110011110000111100110011
00111111111001000100011001100011
00000000110000001010001010110011
00000000010111000000011100110011
00000001000001110001111110010011
01000001000011111101010100010011
00000000000110001000100010010011
00000000010010000000100000010011
00000000000001100000110100010011
00000000000010000010011000000011
00000001000001010001010100010011
00000001000001010101111010010011
00000000110011110000111100110011
00111001111001000100101001100011
00000000110011010010011010110011
00000000110111101000011110110011
00000001000001111001001100010011
01000001000000110101010100010011
00000000000110001000100010010011
00000000010010000000100000010011
00000000000001100000000010010011
00000000000010000010011000000011
00000001000001010001111000010011
00000001000011100101110000010011
00000000110011110000111100110011
00110101111001000100100001100011
00000000110000001010001010110011
00000000010111000000011100110011
00000001000001110001111110010011
01000001000011111101010100010011
00000000000110001000100010010011
00000000010010000000100000010011
00001000100110001110110001100011
00010011100000000000000001101111
00000000010010000010111000000011
00000000101011101000001110010011
00000001000000111001000010010011
01000001000000001101111100010011
00000000000000000000011010010011
00000001000011110001110000010011
00000001110001101000111010110011
00000000000110001000100010010011
00000000010010000000100000010011
00000001000011000101001010010011
00001011110101000101010001100011
00000000101000101000110010010011
00000000010010000010011110000011
00000001000011001001110100010011
01000001000011010101010100010011
00000000000000000000111010010011
00000001000001010001011010010011
00000000111111101000001010110011
00000001000001101101001100010011
00001010010101000100010001100011
00000000111111100010011000110011
00000000110000110000111100110011
00000000100010000010011000000011
00000001000011110001001110010011
01000001000000111101110000010011
00000001000011000001011100010011
00000000110000101000111100110011
00000001000001110101111110010011
00001011111001000100010001100011
00000000110001111010110010110011
00000001100111111000110100110011
00000001000011010001010100010011
00000000001110001000100010010011
01000001000001010101010100010011
00000000110010000000100000010011
00001010100110001111010001100011
00000000000010000010110100000011
00000001000001010001010100010011
00000001000001010101111010010011
00000001101011110000011010110011
11110110110101000100000011100011
00000001101001100010011000110011
00000000010010000010111000000011
00000000110011101000011110110011
00000001000001111001001100010011
01000001000000110101111100010011
00000001000011110001110000010011
00000001110001101000111010110011
00000000000110001000100010010011
00000000010010000000100000010011
00000001000011000101001010010011
11110111110101000100000011100011
00000001110011010010011100110011
00000000111000101000111110110011
00000000010010000010011110000011
00000001000011111001010110010011
01000001000001011101010100010011
00000001000001010001011010010011
00000000111111101000001010110011
00000001000001101101001100010011
11110110010101000101000011100011
00000000100010000010011000000011
00000000101000110000000010010011
00000001000000001001111000010011
01000001000011100101110000010011
00000000000000000000001010010011
00000001000011000001011100010011
00000000110000101000111100110011
00000001000001110101111110010011
11110111111001000101000011100011
00000000101011111000010110010011
00000001000001011001111010010011
00000000001110001000100010010011
01000001000011101101010100010011
00000000000000000000111100010011
00000000110010000000100000010011
11110110100110001110000011100011
00000000000110111000101110010011
00000000100110110000101100110011
11011100100110111110110011100011
00000000000010101000010110010011
01001010110000000101000011101111
00000000000000000000010000010011
00000000000000000000100110010011
00000000000101000001101010010011
00000001010110100000101100110011
00000000000010110101101110000011
11111111111101001000011110010011
00000000000100000000011000010011
01000001001010111000011010110011
00000000110110110001000000100011
00000000011101111111001100010011
00000000001010110000011010010011
00010010100101100111100001100011
00001100000000110000000001100011
00001010110000110000001001100011
00000000001000000000001110010011
00001000011100110000010001100011
00000000001100000000000010010011
00000110000100110000011001100011
00000000010000000000111000010011
00000101110000110000100001100011
00000000010100000000110000010011
00000011100000110000101001100011
00000000011000000000001010010011
00000000010100110000110001100011
00000000001010110101011100000011
00000000001000000000011000010011
00000000010010110000011010010011
01000001001001110000111110110011
00000001111110110001000100100011
00000000000001101101110010000011
00000000000101100000011000010011
00000000001001101000011010010011
01000001001011001000110100110011
11111111101001101001111100100011
00000000000001101101010110000011
00000000000101100000011000010011
00000000001001101000011010010011
01000001001001011000111010110011
11111111110101101001111100100011
00000000000001101101111100000011
00000000000101100000011000010011
00000000001001101000011010010011
01000001001011110000100010110011
11111111000101101001111100100011
00000000000001101101100000000011
00000000000101100000011000010011
00000000001001101000011010010011
01000001001010000000101010110011
11111111010101101001111100100011
00000000000001101101101100000011
00000000000101100000011000010011
00000000001001101000011010010011
01000001001010110000101110110011
11111111011101101001111100100011
00000000000001101101011110000011
00000000001001101000011010010011
00000000000101100000011000010011
01000001001001111000001100110011
11111110011001101001111100100011
00000110100101100111100001100011
00000000000001101101001110000011
00000000001001101101000010000011
00000000010001101101111000000011
00000000011001101101110000000011
00000000100001101101001010000011
00000000101001101101110010000011
00000000110001101101011100000011
00000000111001101101110100000011
01000001001000111000111110110011
01000001001000001000111010110011
01000001001011100000111100110011
01000001001011000000100010110011
01000001001000101000100000110011
01000001001011001000010110110011
01000001001001110000101010110011
01000001001011010000101100110011
00000001111101101001000000100011
00000001110101101001000100100011
00000001111001101001001000100011
00000001000101101001001100100011
00000001000001101001010000100011
00000000101101101001010100100011
00000001010101101001011000100011
00000001011001101001011100100011
00000000100001100000011000010011
00000001000001101000011010010011
11111000100101100110110011100011
00000000000110011000100110010011
00000000100101000000010000110011
11101010100110011110001011100011
00000010110000010010000010000011
00000010100000010010010000000011
00000001000001010001010010010011
00000010000000010010100100000011
00000001110000010010100110000011
00000001100000010010101000000011
00000001010000010010101010000011
00000001000000010010101100000011
00000000110000010010101110000011
00000000100000010010110000000011
00000000010000010010110010000011
00000000000000010010110100000011
01000001000001001101010100010011
00000010010000010010010010000011
00000011000000010000000100010011
00000000000000001000000001100111
00000000110001110010011010110011
00000000110111010000111010110011
00000001000011101001011110010011
01000001000001111101010100010011
11000100110111111111000001101111
00000000110000101010100000110011
00000001000000110000111100110011
00000001000011110001001110010011
01000001000000111101010100010011
10011101100111111111000001101111
00000000101011010000010110010011
00000001000001011001011110010011
01000001000001111101010100010011
00000000000000000000010110010011
10100110100111111111000001101111
00000000101011000000010110010011
00000001000001011001110010010011
01000001000011001101010100010011
00000000000000000000111100010011
11001011010111111111000001101111
00000000101011101000111100010011
00000001000011110001001110010011
01000001000000111101010100010011
00000000000000000000111100010011
11000111000111111111000001101111
00000000101011110000111000010011
00000001000011100001011100010011
01000001000001110101010100010011
00000000000000000000010110010011
10011111110111111111000001101111
00000000101011000000010110010011
00000001000001011001110010010011
01000001000011001101010100010011
00000000000000000000111100010011
11000001100111111111000001101111
00000000101011001000010110010011
00000001000001011001111010010011
01000001000011101101010100010011
00000000000000000000010110010011
10011010010111111111000001101111
00000000101000110000010110010011
00000001000001011001001110010011
01000001000000111101010100010011
00000000000000000000010110010011
10001000000011111111000001101111
00000000101011101000010110010011
00000001000001011001100010010011
01000001000010001101010100010011
00000000000000000000010110010011
11001111000011111111000001101111
00000000000000000000010110010011
00100011010000000101000011101111
00000000000010110000011010010011
00000000000010100000011000010011
00000000000001010000010010010011
00000000000010011000010110010011
00000000000000000000010100010011
00101101010100000011000011101111
00000000000001001000010110010011
00000000000000000000010100010011
00100001000000000101000011101111
00000000000010110000011010010011
00000000000010100000011000010011
00000000000001010000100100010011
00000000000010011000010110010011
00000000000000000000010100010011
01001110110100000011000011101111
00000000000010010000010110010011
00000000000000000000010100010011
00011110110000000101000011101111
00000000000001010000101010010011
00000000000010011000010110010011
00000000000010110000011010010011
00000000000010100000011000010011
00000000000000000000010100010011
01110110010100000011000011101111
00000000000010101000010110010011
00000000000000000000010100010011
00011100100000000101000011101111
11101000010111111111000001101111
11111111000000010000000100010011
00000000100000010010010000100011
00000000100001010010011010000011
00000000000001100000010000010011
00000000000001011000011100010011
00000000010001010010011000000011
00000000110001010010010110000011
00000000000001010010010100000011
00000000000100010010011000100011
11000000010111111110000011101111
00000000000001000000010110010011
00000000100000010010010000000011
00000000110000010010000010000011
00000001000000010000000100010011
00011000100000000101000001101111
11111110000000010000000100010011
00000001001100010010011000100011
00000001110001010010100110000011
00000000000100010010111000100011
00000000100000010010110000100011
00000000100100010010101000100011
00000001001000010010100000100011
00000001010000010010010000100011
00000001010100010010001000100011
00000010000001010010110000100011
00000010000001010010111000100011
00011100000010011000001001100011
00000000001110011111011110010011
00000000000001010000010000010011
00000000000000000000010010010011
00001010000001111000111001100011
00000000000100000000011100010011
00000110111001111000110001100011
00000000001000000000000010010011
00000010000101111000110001100011
00000000000100000000010110010011
10011101110011111110000011101111
00000011100001000101010110000011
00000000000100000000010010010011
00011000000100000100000011101111
11111111111100000000010110010011
00000010101001000001110000100011
00000000000001000000010100010011
10011100000011111110000011101111
00000011100001000101010110000011
00010110100100000100000011101111
00000010101001000001110000100011
00000010101001000001110100100011
00000000000100000000010110010011
00000000000001000000010100010011
10011010010011111110000011101111
00000011100001000101010110000011
00010100110100000100000011101111
11111111111100000000010110010011
00000010101001000001110000100011
00000000000001000000010100010011
10011000110011111110000011101111
00000011100001000101010110000011
00010011010100000100000011101111
00000010101001000001110000100011
00011000000001001000000001100011
00000000000101001000010010010011
00000000000100000000010110010011
00000000000001000000010100010011
10010110110011111110000011101111
00000011100001000101010110000011
00010001010100000100000011101111
11111111111100000000010110010011
00000010101001000001110000100011
00000000000001000000010100010011
10010101010011111110000011101111
00000011100001000101010110000011
00001111110100000100000011101111
00000010101001000001110000100011
00010010000001001000110001100011
00000000000101001000010010010011
00001110100110011000111001100011
00000000000100000000010110010011
00000000000001000000010100010011
10010011000011111110000011101111
00000011100001000101010110000011
00000000000101001000100100010011
00001101010100000100000011101111
00000010101001000001110000100011
11111111111100000000010110010011
00000000000001000000010100010011
10010001010011111110000011101111
00000011100001000101010110000011
00001011110100000100000011101111
00000000000001010000001010010011
00000010010101000001110000100011
00000000000100000000010110010011
00000000000001000000010100010011
00000000000001001001010001100011
00000010010101000001110100100011
10001111000011111110000011101111
00000011100001000101010110000011
00001001100100000100000011101111
00000010101001000001110000100011
11111111111100000000010110010011
00000000000001000000010100010011
10001101100011111110000011101111
00000011100001000101010110000011
00001000000100000100000011101111
00000010101001000001110000100011
00000000000010010001010001100011
00000010101001000001110100100011
00000000000100000000010110010011
00000000000001000000010100010011
10001011100011111110000011101111
00000011100001000101010110000011
00000000000110010000101010010011
00000000001010010000101000010011
00000101100100000100000011101111
11111111111100000000010110010011
00000010101001000001110000100011
00000000000001000000010100010011
10001001100011111110000011101111
00000011100001000101010110000011
00000000001110010000010010010011
00000011110100000100000011101111
00000000000001010000001100010011
00000010011001000001110000100011
00000000000100000000010110010011
00000000000001000000010100010011
00000000000010101001010001100011
00000010011001000001110100100011
10000111000011111110000011101111
00000011100001000101010110000011
00000001100100000100000011101111
11111111111100000000010110010011
00000010101001000001110000100011
00000000000001000000010100010011
10000101100011111110000011101111
00000011100001000101010110000011
00000000000100000100000011101111
00000010101001000001110000100011
00000010000010100000100001100011
11110000100110011001011011100011
00000001110000010010000010000011
00000001100000010010010000000011
00000001010000010010010010000011
00000001000000010010100100000011
00000000110000010010100110000011
00000000100000010010101000000011
00000000010000010010101010000011
00000000000000000000010100010011
00000010000000010000000100010011
00000000000000001000000001100111
00000010101001000001110100100011
11101100100110011001111011100011
11111101000111111111000001101111
00000010101001000001110100100011
00000000000101001000010010010011
11101100100110011001011011100011
11111100000111111111000001101111
00000010101001000001110100100011
00000000000101001000010010010011
11101000000111111111000001101111
00000000010100000000011110010011
00000100101001111110110001100011
00000000000000001101001010110111
00000000001001010001010100010011
10010111110000101000001100010011
00000000011001010000001110110011
00000000000000111010010110000011
00000000000001011000000001100111
00000000000000001110011000110111
10010011100001100010010100000011
00000000000000001000000001100111
00000000000000001110100010110111
10010100000010001010010100000011
00000000000000001000000001100111
00000000000000001110100000110111
10010011110010000010010100000011
00000000000000001000000001100111
00000000000000001101011100110111
00010100010001110010010100000011
00000000000000001000000001100111
00000000000000001101011010110111
00010100000001101010010100000011
00000000000000001000000001100111
00000000000000000000010100010011
00000000000000001000000001100111
00000000000000000000010100010011
00000000000000001000000001100111
11111111111101010000001100010011
00000000000100000000011110010011
00000000000001100000100010010011
00011100011001111111011001100011
00000000000101011000010110010011
00000001000001011001001010010011
00000001000000101101010110010011
00000000000000001101011000110111
00000000001101011101001110010011
00000000011100000000111010010011
00000000011101011111011010010011
00000000000000000000011100010011
10011001010001100000011000010011
00000000100000000000111110010011
00000000010000000000100000010011
00000000000100000000111000010011
00000010110000000000111100010011
00000000001100111111011110010011
00010101110101101000100001100011
00010110110110000110101001100011
11111111110101101000001110010011
00000001000000111001001010010011
00000000001001111001011110010011
00000001000000101101011010010011
00000000111101100000001110110011
00010100110111100110011001100011
00000001000000111010011010000011
00000000100100000000011110010011
00000000100000000000001110010011
00000000111101110000001010110011
00010110011000101111101001100011
11111111000000010000000100010011
00000000100000010010011000100011
00000011010000000000000001101111
00001110100010000110011001100011
11111111110101000000011010010011
00000001000001101001011110010011
00000000001000111001010000010011
00000001000001111101001010010011
00000000100001100000001110110011
00001100010111100110001001100011
00000001000000111010011010000011
00000000100100000000001010010011
00000000100000000000001110010011
00000000010101110000001010110011
00001000011000101111101001100011
00000000000001101100010000000011
00000000111010001000011110110011
00000000100001111000000000100011
00000000000101101100011100000011
00000000111001111000000010100011
00000000001001101100010000000011
00000000100001111000000100100011
00000000001101101100011100000011
00000000111001111000000110100011
00000011000000111000010001100011
00000000010001101100010000000011
00000000100001111000001000100011
00000000010101101100011100000011
00000000111001111000001010100011
00000000011001101100010000000011
00000000100001111000001100100011
00000001111100111001011001100011
00000000011101101100011010000011
00000000110101111000001110100011
00000000000101011000010110010011
00000000011101111000001110110011
00000001000001011001011110010011
00000001000001111101010110010011
00000001111000111000000000100011
00000000000000101000011100010011
00000000011101011111010000010011
00000000001101011101001010010011
00000000001100101111001110010011
11110111110101000001000011100011
00000000001000111001011010010011
00000000100100000000001010010011
00000000110101100000011110110011
00000000010101110000001010110011
00000011000001111010011010000011
00000000100000000000001110010011
11110110011000101110101011100011
00000100101001110111001001100011
00000000110000010010010000000011
01000000111001010000011000110011
00000000000000000000010110010011
00000000111010001000010100110011
00000001000000010000000100010011
01011010000000000000000001101111
00000000000000111010011010000011
00000000010100000000001010010011
00000000010000000000001110010011
11110100000111111111000001101111
00000000001000111001010000010011
00000000100001100000001110110011
00000010000000111010011010000011
00000000100100000000001010010011
00000000100000000000001110010011
11110010100111111111000001101111
00000000110000010010010000000011
00000001000000010000000100010011
00000000000000001000000001100111
00000000001001111001001010010011
00000000010101100000001110110011
00000011000000111010011010000011
00000000100100000000011110010011
00000000100000000000001110010011
11101100100111111111000001101111
00000000000000111010011010000011
00000000010100000000011110010011
00000000010000000000001110010011
11101011100111111111000001101111
00000000001001111001001010010011
00000000010101100000011010110011
00000010000001101010011010000011
00000000100100000000011110010011
00000000100000000000001110010011
11101010000111111111000001101111
00000000000000000000011100010011
01000000111001010000011000110011
00000000000000000000010110010011
00000000111010001000010100110011
01010001100000000000000001101111
11111110101001110110100011100011
00000000000000001000000001100111
00000000000001010010011110000011
00000000000001010000100000010011
00000000000000000000010100010011
00000000000001111100011010000011
00000000000001111000011100010011
00001100000001101000110001100011
00000010110000000000010100010011
00000000000101111000011100010011
00101010101001101000100001100011
00000000000001011010100010000011
11111101000001101000011000010011
00001111111101100111001010010011
00000000100100000000001100010011
00000000000110001000001110010011
00001010010100110110111001100011
00000000011101011010000000100011
00000000000101111100001100000011
00010110000000110000000001100011
00000000001001111000011110010011
00010100101000110000101001100011
11111101000000110000011000010011
00000010111000000000111100010011
00000000100100000000111110010011
00000010110000000000100010010011
00001111111101100111001010010011
00000011111000110000011001100011
00001100010111111110000001100011
00000000000101110100001100000011
00000000000101111000010100010011
00000000000001111000011100010011
00010010000000110000010001100011
00101001000100110000100001100011
11111101000000110000011000010011
00000000000001010000011110010011
00001111111101100111001010010011
11111101111000110001111011100011
00000001000001011010001110000011
00000000010100000000010100010011
00000000000100111000111000010011
00000001110001011010100000100011
00000000000101110100001100000011
00000000000001111000011100010011
00000100000000110000001001100011
00000010110000000000011100010011
00000000000101111000001110010011
00100000111000110000100001100011
00000100010100000000111010010011
00000000100100000000111100010011
00000010110000000000111110010011
11111101000000110000100010010011
00001101111100110111001010010011
00001111111110001111011010010011
00001101110100101000111001100011
00011010110111110111000001100011
00000001010001011010011110000011
00000000000000111000011100010011
00000000000100000000010100010011
00000000000101111000011000010011
00000000110001011010101000100011
00000000111010000010000000100011
00000000000000001000000001100111
00000010101100000000111000010011
00000101110001101000011001100011
00000010110100000000111010010011
00000101110101101000001001100011
00000010111000000000111100010011
00011001111001101000010001100011
00000000010001011010111110000011
00000000011101011010000000100011
00000000000100000000010100010011
00000000000111111000011110010011
00000000111101011010001000100011
00000000111010000010000000100011
00000000000000001000000001100111
00000001000001011010011010000011
00000000000001111000011100010011
00000000000100000000010100010011
00000000000101101000011110010011
00000000111101011010100000100011
00000000111010000010000000100011
00000000000000001000000001100111
00000000011101011010000000100011
00000000000101111100100010000011
00011010000010001000011001100011
00000000001001111000011100010011
00011010101010001000001001100011
00000000100001011010011000000011
11111101000010001000011010010011
00001111111101101111001010010011
00000000100100000000010100010011
00000000000101100000001100010011
00000000010101010111111001100011
00000010111000000000001110010011
00010010011110001000110001100011
00000000011001011010010000100011
00000000000100000000010100010011
00000000111010000010000000100011
00000000000000001000000001100111
00000000011001011010010000100011
00000000001001111100001100000011
00000000000000110000101001100011
00000010110000000000111010010011
00000000000101110000011110010011
11101011110100110001101011100011
00000000000001111000011100010011
00000000010000000000010100010011
11110100010111111111000001101111
00000001010001011010010100000011
00000000000101010000111000010011
00000001110001011010101000100011
00000000000101111100111010000011
00010010000011101000010001100011
00000010110000000000111100010011
00000000000100111000011100010011
00010011111011101000000001100011
00000000110001011010111110000011
11111101010111101000100010010011
00001111110110001111001010010011
00000000000111111000011010010011
00000000110101011010011000100011
00000000000000101000100001100011
00000000000100000000010100010011
00000000111010000010000000100011
00000000000000001000000001100111
00000000000100111100011000000011
00001110000001100000111001100011
00000000001000111000011100010011
00001111111001100000101001100011
00000001100001011010001100000011
11111101000001100000011110010011
00001111111101111111010100010011
00000000000100110000111010010011
00000000100100000000111000010011
00000001110101011010110000100011
11111100101011100110011011100011
00000000001000111100011000000011
00001010000001100000111001100011
00000000001100111000010100010011
00001011111001100000100001100011
00000000100100000000001110010011
00000010110000000000111100010011
11111101000001100000111110010011
00001111111111111111100010010011
00000001000100111111111001100011
00000000010001011010001010000011
00000000000001010000011100010011
00000000000100000000010100010011
00000000000100101000011010010011
00000000110101011010001000100011
11101001100111111111000001101111
00000000000101110100011000000011
00000000000101010000001100010011
00000000000001010000011100010011
00000110000001100000101001100011
00001001111001100000110001100011
00000000000000110000010100010011
11111100010111111111000001101111
00000000000101111100001100000011
00000000000100111000011100010011
00000000000000111000011110010011
00000100000000110000001001100011
00000101111100110000001001100011
00000000000001110000001110010011
11100011100111111111000001101111
00000000011101011010000000100011
00000000000101111100001100000011
00000010000000110000100001100011
00000000001001111000001110010011
00000010101000110000001001100011
00000000000001110000011110010011
11100001000111111111000001101111
00000000011001011010010000100011
00000000001001111100001100000011
00000000000000110000101001100011
00000010110000000000111000010011
00000000000101110000001110010011
11111111110000110001001011100011
00000000000000111000011100010011
00000000010100000000010100010011
11100010000111111111000001101111
00000000000000000000010100010011
11100001100111111111000001101111
00000000000001010000011100010011
00000000011100000000010100010011
11100000110111111111000001101111
00000000000000111000011100010011
00000000001100000000010100010011
11100000000111111111000001101111
00000000011000000000010100010011
11011111100111111111000001101111
00000000001000000000010100010011
11011111000111111111000001101111
00000000000000110000011100010011
00000000011100000000010100010011
11011110010111111111000001101111
00000000000001010000011100010011
00000000010000000000010100010011
11011101100111111111000001101111
11111000000000010000000100010011
00000110100000010010110000100011
00000110100100010010101000100011
00000111001000010010100000100011
00000111001100010010011000100011
00000111010000010010010000100011
00000111010100010010001000100011
00000111011000010010000000100011
00000110000100010010111000100011
00000101011100010010111000100011
00000000000001011000101000010011
00000000000001011100010110000011
00000001010000010010011000100011
00000010000000010010100000100011
00000000000000010010100000100011
00000010000000010010101000100011
00000010000000010010110000100011
00000010000000010010111000100011
00000100000000010010000000100011
00000100000000010010001000100011
00000100000000010010010000100011
00000100000000010010011000100011
00000000000000010010101000100011
00000000000000010010110000100011
00000000000000010010111000100011
00000010000000010010000000100011
00000010000000010010001000100011
00000010000000010010010000100011
00000010000000010010011000100011
00000011000000010000010010010011
00000000000001010000101010010011
00000000000001100000101100010011
00000000000001101000100110010011
00000000000001110000100100010011
00000000000001111000010000010011
00010100000001011000100001100011
00000000110000010000101110010011
00000000000001001000010110010011
00000000000010111000010100010011
11000100110111111111000011101111
00000000001001010001001010010011
00000101000000010000011110010011
00000000010101111000001100110011
00000000110000010010011100000011
11111100000000110010001110000011
00000000000001110100010100000011
00000000000100111000011000010011
11111100110000110010000000100011
11111100000001010001101011100011
00000001010000010010011000100011
00000001010110100000101010110011
00000000000010100100010110000011
00000000000010100000100000010011
00010001010110100111110001100011
00000000000010100000100010010011
00000010110000000000011010010011
00000000110000000000000001101111
00000001000000010010011000100011
00000000000010000100010110000011
00000001011001011100000010110011
00000000110101011000011001100011
00000000000110001000000000100011
00000000110000010010100000000011
00000001001010000000100000110011
00000000000010000000100010010011
11111111010110000110000011100011
00000000000010100100111000000011
00000001010000010010011000100011
00000000000010100000001110010011
00000000110000010000101110010011
00000100000011100000000001100011
00000000000001001000010110010011
00000000000010111000010100010011
10111100010111111111000011101111
00000000001001010001111010010011
00000101000000010000111100010011
00000001110111110000111110110011
00000000110000010010101100000011
11111100000011111010010110000011
00000000000010110100100000000011
00000000000101011000001010010011
11111100010111111010000000100011
11111100000010000001101011100011
00000001010000010010011000100011
00000000000010100000001110010011
00000011010110100111011001100011
00000010110000000000101110010011
00000000000010100100011110000011
00000001001101111100001100110011
00000001011101111000011001100011
00000000011010100000000000100011
00000000110000010010001110000011
00000001001000111000001110110011
00000000011100010010011000100011
00000000000000111000101000010011
11111111010100111110000011100011
00000001000000010000101010010011
00000000000001001000101100010011
00000000000010101010010100000011
00000000000001000000010110010011
00000000010010101000101010010011
00110001110000000100000011101111
00000000000001010000010110010011
00000000000010110010010100000011
00000000010010110000101100010011
00110000110000000100000011101111
00000000000001010000010000010011
11111101010101001001111011100011
00000111110000010010000010000011
00000111100000010010010000000011
00000111010000010010010010000011
00000111000000010010100100000011
00000110110000010010100110000011
00000110100000010010101000000011
00000110010000010010101010000011
00000110000000010010101100000011
00000101110000010010101110000011
00001000000000010000000100010011
00000000000000001000000001100111
00000000101010100000101010110011
00000000000010100000100000010011
11101111010110100110101011100011
11111001100111111111000001101111
11110010000001011001100011100011
11111001000111111111000001101111
00000000111100000000001100010011
00000000000001010000011100010011
00000010110000110111111001100011
00000000111101110111011110010011
00001010000001111001000001100011
00001000000001011001001001100011
11111111000001100111011010010011
00000000111101100111011000010011
00000000111001101000011010110011
00000000101101110010000000100011
00000000101101110010001000100011
00000000101101110010010000100011
00000000101101110010011000100011
00000001000001110000011100010011
11111110110101110110011011100011
00000000000001100001010001100011
00000000000000001000000001100111
01000000110000110000011010110011
00000000001001101001011010010011
00000000000000000000001010010111
00000000010101101000011010110011
00000000110001101000000001100111
00000000101101110000011100100011
00000000101101110000011010100011
00000000101101110000011000100011
00000000101101110000010110100011
00000000101101110000010100100011
00000000101101110000010010100011
00000000101101110000010000100011
00000000101101110000001110100011
00000000101101110000001100100011
00000000101101110000001010100011
00000000101101110000001000100011
00000000101101110000000110100011
00000000101101110000000100100011
00000000101101110000000010100011
00000000101101110000000000100011
00000000000000001000000001100111
00001111111101011111010110010011
00000000100001011001011010010011
00000000110101011110010110110011
00000001000001011001011010010011
00000000110101011110010110110011
11110110110111111111000001101111
00000000001001111001011010010011
00000000000000000000001010010111
00000000010101101000011010110011
00000000000000001000001010010011
11111010000001101000000011100111
00000000000000101000000010010011
11111111000001111000011110010011
01000000111101110000011100110011
00000000111101100000011000110011
11110110110000110111100011100011
11110011110111111111000001101111
00000000101101010000011010110011
00000000000001010000011110010011
00000000000001011001100001100011
00000010010000000000000001101111
00000000000101111000011110010011
00000000111101101000101001100011
00000000000001111100011100000011
11111110000001110001101011100011
01000000101001111000010100110011
00000000000000001000000001100111
01000000101001101000010100110011
00000000000000001000000001100111
00000000000000000000010100010011
00000000000000001000000001100111
00000000000001010000111100010011
00000000000001011000111000010011
00000000000000000000100000010011
00000000000001011101110001100011
00000000101000000011011110110011
01000000101100000000010110110011
01000000111101011000111000110011
01000000101000000000111100110011
11111111111100000000100000010011
00000000000001101101101001100011
00000000110000000011010110110011
01000000110100000000011010110011
01000000101101101000011010110011
01000000110000000000011000110011
00000000000001100000011100010011
00000000000001101000011110010011
00000000000011110000010100010011
00000000000011100000010110010011
00100100000001101001010001100011
00000000000000001101011010110111
10101000100001101000011010010011
00001110110011100111011001100011
00000000000000010000100010110111
00001101000101100111100001100011
00001111111100000000100010010011
00000000110010001111010001100011
00000000100000000000011110010011
00000000111101100101100010110011
00000001000101101000011010110011
00000000000001101100001100000011
00000000111100110000001100110011
00000010000000000000011110010011
01000000011001111000100010110011
00000000011001111000110001100011
00000001000111100001010110110011
00000000011011110101001100110011
00000001000101100001011100110011
00000000101100110110010110110011
00000001000111110001010100110011
00000001000001110101001100010011
00000010011001011111011010110011
00000001000001110001011000010011
00000001000001100101011000010011
00000001000001010101011110010011
00000010011001011101010110110011
00000001000001101001011010010011
00000000111101101110011110110011
00000010101101100000010110110011
00000000101101111111101001100011
00000000111001111000011110110011
00000000111001111110011001100011
00000000101101111111010001100011
00000000111001111000011110110011
01000000101101111000011110110011
00000010011001111111011010110011
00000001000001010001010100010011
00000001000001010101010100010011
00000010011001111101011110110011
00000001000001101001011010010011
00000000101001101110010100110011
00000010111101100000011110110011
00000000111101010111101001100011
00000000111001010000010100110011
00000000111001010110011001100011
00000000111101010111010001100011
00000000111001010000010100110011
01000000111101010000010100110011
00000001000101010101010100110011
00000000000000000000010110010011
00000000000010000000101001100011
00000000101000000011011110110011
01000000101100000000010110110011
01000000111101011000010110110011
01000000101000000000010100110011
00000000000000001000000001100111
00000001000000000000100010110111
00000001000000000000011110010011
11110011000101100110110011100011
00000001100000000000011110010011
11110011000111111111000001101111
00000000000001100001011001100011
00000000000100000000011100010011
00000010111101110101011100110011
00000000000000010000011000110111
00010010110001110111011001100011
00001111111100000000011000010011
00000000111001100111010001100011
00000000100000000000011110010011
00000000111101110101011000110011
00000000110001101000011010110011
00000000000001101100001100000011
01000000111011100000010110110011
00000000111100110000001100110011
00000010000000000000011110010011
01000000011001111000100010110011
00001000011001111000011001100011
00000001000101110001011100110011
00000000011011100101011000110011
00000001000001110101011010010011
00000001000111100001010110110011
00000000011011110101001100110011
00000000101100110110001100110011
00000001000001110001010110010011
00000001000001011101010110010011
00000001000000110101111000010011
00000001000111110001010100110011
00000010110101100111011110110011
00000010110101100101011000110011
00000001000001111001011110010011
00000001110001111110011110110011
00000010110001011000011000110011
00000000110001111111101001100011
00000000111001111000011110110011
00000000111001111110011001100011
00000000110001111111010001100011
00000000111001111000011110110011
01000000110001111000011000110011
00000010110101100111011110110011
00000001000000110001001100010011
00000001000000110101001100010011
00000010110101100101011000110011
00000001000001111001011110010011
00000010110001011000011000110011
00000000011001111110010110110011
00000000110001011111101001100011
00000000111001011000010110110011
00000000111001011110011001100011
00000000110001011111010001100011
00000000111001011000010110110011
01000000110001011000010110110011
00000001000001110101011000010011
00000010110001011111011110110011
00000001000001110001011010010011
00000001000001101101011010010011
00000001000001010101001100010011
00000010110001011101010110110011
00000001000001111001011110010011
00000000011001111110011110110011
00000010101101101000010110110011
00000000101101111111101001100011
00000000111001111000011110110011
00000000111001111110011001100011
00000000101101111111010001100011
00000000111001111000011110110011
01000000101101111000010110110011
00000010110001011111011110110011
00000001000001010001010100010011
00000001000001010101010100010011
00000010110001011101010110110011
00000001000001111001011110010011
00000000101001111110010100110011
00000010101101101000010110110011
00000000101101010111101001100011
00000000111001010000010100110011
00000000111001010110011001100011
00000000101101010111010001100011
00000000111001010000010100110011
01000000101101010000010100110011
11101001010111111111000001101111
00000001000000000000011000110111
00000001000000000000011110010011
11101100110001110110111011100011
00000001100000000000011110010011
11101101010111111111000001101111
11101000110111100110001011100011
00000000000000010000011110110111
00000100111101101111100001100011
00001111111100000000001100010011
00000000110100110011011110110011
00000000001101111001011110010011
00000000000000001101011100110111
00000000111101101101100010110011
10101000100001110000011100010011
00000001000101110000011100110011
00000000000001110100001100000011
00000000111100110000001100110011
00000010000000000000011110010011
01000000011001111000100010110011
00000010011001111001101001100011
00000001110001101110010001100011
11100100110011110110001011100011
01000000110011110000010100110011
01000000110111100000010110110011
00000000101011110011111100110011
01000001111001011000010110110011
11100011000111111111000001101111
00000001000000000000011100110111
00000001000000000000011110010011
11111010111001101110110011100011
00000001100000000000011110010011
11111011000111111111000001101111
00000000011001100101011110110011
00000001000101101001011010110011
00000000110101111110011010110011
00000000011011100101111110110011
00000000011011110101011110110011
00000001000111110001010100110011
00000001000001101101111100010011
00000001000111100001010110110011
00000011111011111101111000110011
00000001000101100001111010110011
00000000101101111110011110110011
00000001000001101001010110010011
00000001000001011101010110010011
00000001000001111101011100010011
00000011111011111111011000110011
00000011110001011000111110110011
00000001000001100001011000010011
00000000111001100110011100110011
00000000000011100000011000010011
00000001111101110111111001100011
00000000110101110000011100110011
11111111111111100000011000010011
00000000110101110110100001100011
00000001111101110111011001100011
11111111111011100000011000010011
00000000110101110000011100110011
01000001111101110000011100110011
00000011111001110111111000110011
00000001000001111001011110010011
00000001000001111101011110010011
00000011111001110101011100110011
00000001000011100001111000010011
00000000111111100110111000110011
00000010111001011000010110110011
00000000000001110000011110010011
00000000101111100111111001100011
00000000110111100000111000110011
11111111111101110000011110010011
00000000110111100110100001100011
00000000101111100111011001100011
11111111111001110000011110010011
00000000110111100000111000110011
00000001000001100001011000010011
00000000000000010000111110110111
00000000111101100110011000110011
01000000101111100000010110110011
11111111111111111000111000010011
00000001110001100111111100110011
00000001000011101101011100010011
00000001000001100101011000010011
00000001110011101111111000110011
00000011110011110000011110110011
00000011110001100000111000110011
00000010111011110000111100110011
00000010111001100000011000110011
00000001110011110000111100110011
00000001000001111101011100010011
00000001111001110000011100110011
00000001110001110111010001100011
00000001111101100000011000110011
00000001000001110101111000010011
00000000110011100000011000110011
00000000000000010000111000110111
11111111111111100000111000010011
00000001110001110111011100110011
00000001000001110001011100010011
00000001110001111111011110110011
00000000111101110000011110110011
00000000110001011110011001100011
00000000110001011001111001100011
00000000111101010111110001100011
01000001110101111000111010110011
00000001110101111011011110110011
00000000110101111000011110110011
01000000111101100000011000110011
00000000000011101000011110010011
01000000111101010000011110110011
00000000111101010011010100110011
01000000110001011000010110110011
01000000101001011000010110110011
00000000011001011001001100110011
00000001000101111101010100110011
00000000101000110110010100110011
00000001000101011101010110110011
11001100100111111111000001101111
00000000000001010000100010010011
00000000000001011000011110010011
00000000000001100000100000010011
00000000000001101000010100010011
00000000000010001000001100010011
00101000000001101001010001100011
00000000000000001101011010110111
10101000100001101000011010010011
00001110110001011111011001100011
00000000000000010000011100110111
00001100111001100111100001100011
00001111111100000000011100010011
00000000110001110011011100110011
00000000001101110001011100010011
00000000111001100101010100110011
00000000101001101000011010110011
00000000000001101100011010000011
00000010000000000000010100010011
00000000111001101000011100110011
01000000111001010000011010110011
00000000111001010000110001100011
00000000110101111001010110110011
00000000111010001101011100110011
00000000110101100001100000110011
00000000101101110110010110110011
00000000110110001001001100110011
00000001000010000101100010010011
00000011000101011101011010110011
00000001000010000001011000010011
00000001000001100101011000010011
00000001000000110101011110010011
00000011000101011111011100110011
00000000000001101000010100010011
00000010110101100000010110110011
00000001000001110001011100010011
00000000111101110110011110110011
00000000101101111111111001100011
00000001000001111000011110110011
11111111111101101000010100010011
00000001000001111110100001100011
00000000101101111111011001100011
11111111111001101000010100010011
00000001000001111000011110110011
01000000101101111000011110110011
00000011000101111111011100110011
00000001000000110001001100010011
00000001000000110101001100010011
00000011000101111101011110110011
00000001000001110001011100010011
00000000011001110110001100110011
00000010111101100000011010110011
00000000000001111000011000010011
00000000110100110111110001100011
00000000011010000000001100110011
11111111111101111000011000010011
00000001000000110110011001100011
00000000110100110111010001100011
11111111111001111000011000010011
00000001000001010001010100010011
00000000110001010110010100110011
00000000000000000000010110010011
00001110010000000000000001101111
00000001000000000000010100110111
00000001000000000000011100010011
11110010101001100110110011100011
00000001100000000000011100010011
11110011000111111111000001101111
00000000000001100001011001100011
00000000000100000000011100010011
00000010110001110101100000110011
00000000000000010000011100110111
00001100111010000111000001100011
00001111111100000000011100010011
00000001000001110111010001100011
00000000100000000000010100010011
00000000101010000101011100110011
00000000111001101000011010110011
00000000000001101100011100000011
00000010000000000000011000010011
00000000101001110000011100110011
01000000111001100000011010110011
00001010111001100001011001100011
01000001000001111000011110110011
00000000000100000000010110010011
00000001000010000101100010010011
00000001000010000001011000010011
00000001000001100101011000010011
00000001000000110101011100010011
00000011000101111111011010110011
00000011000101111101011110110011
00000001000001101001011010010011
00000000111001101110011100110011
00000010111101100000111000110011
00000000000001111000010100010011
00000001110001110111111001100011
00000001000001110000011100110011
11111111111101111000010100010011
00000001000001110110100001100011
00000001110001110111011001100011
11111111111001111000010100010011
00000001000001110000011100110011
01000001110001110000011100110011
00000011000101110111011110110011
00000001000000110001001100010011
00000001000000110101001100010011
00000011000101110101011100110011
00000001000001111001011110010011
00000000011001111110001100110011
00000010111001100000011010110011
00000000000001110000011000010011
00000000110100110111110001100011
00000000011010000000001100110011
11111111111101110000011000010011
00000001000000110110011001100011
00000000110100110111010001100011
11111111111001110000011000010011
00000001000001010001010100010011
00000000110001010110010100110011
00000000000000001000000001100111
00000001000000000000011100110111
00000001000000000000010100010011
11110100111010000110010011100011
00000001100000000000010100010011
11110100000111111111000001101111
00000000110110000001100000110011
00000000111001111101010100110011
00000000110110001001001100110011
00000000110101111001011110110011
00000000111010001101011100110011
00000001000010000101100010010011
00000000111101110110011000110011
00000011000101010111011100110011
00000001000010000001011110010011
00000001000001111101011110010011
00000001000001100101010110010011
00000011000101010101010100110011
00000001000001110001011100010011
00000000101101110110011100110011
00000010101001111000011010110011
00000000000001010000010110010011
00000000110101110111111001100011
00000001000001110000011100110011
11111111111101010000010110010011
00000001000001110110100001100011
00000000110101110111011001100011
11111111111001010000010110010011
00000001000001110000011100110011
01000000110101110000011010110011
00000011000101101111011100110011
00000001000001100001011000010011
00000001000001100101011000010011
00000011000101101101011010110011
00000001000001110001011100010011
00000010110101111000010100110011
00000000110001110110011110110011
00000000000001101000011100010011
00000000101001111111111001100011
00000001000001111000011110110011
11111111111101101000011100010011
00000001000001111110100001100011
00000000101001111111011001100011
11111111111001101000011100010011
00000001000001111000011110110011
00000001000001011001010110010011
01000000101001111000011110110011
00000000111001011110010110110011
11101011100111111111000001101111
00011000110101011110011001100011
00000000000000010000011100110111
00000100111001101111010001100011
00001111111100000000011100010011
00000000110101110011010110110011
00000000001101011001010110010011
00000000000000001101011100110111
00000000101101101101010100110011
10101000100001110000011100010011
00000000101001110000011100110011
00000000000001110100011100000011
00000010000000000000010100010011
00000000101101110000011100110011
01000000111001010000010110110011
00000010111001010001011001100011
00000000000100000000010100010011
11101110111101101110111011100011
00000000110010001011010100110011
00000000000101010100010100010011
11101111000111111111000001101111
00000001000000000000011100110111
00000001000000000000010110010011
11111100111001101110000011100011
00000001100000000000010110010011
11111011100111111111000001101111
00000000111001100101100000110011
00000000101101101001011010110011
00000000110110000110100000110011
00000000111001111101111000110011
00000001000010000101111010010011
00000011110111100111011010110011
00000000101101111001011110110011
00000000111010001101011100110011
00000000101101100001001100110011
00000000111101110110011000110011
00000001000010000001011110010011
00000001000001111101011110010011
00000001000001100101011100010011
00000011110111100101111000110011
00000001000001101001011010010011
00000000111001101110011100110011
00000011110001111000111100110011
00000000000011100000010100010011
00000001111001110111111001100011
00000001000001110000011100110011
11111111111111100000010100010011
00000001000001110110100001100011
00000001111001110111011001100011
11111111111011100000010100010011
00000001000001110000011100110011
01000001111001110000011100110011
00000011110101110111011010110011
00000011110101110101011100110011
00000001000001101001011010010011
00000010111001111000111000110011
00000001000001100001011110010011
00000001000001111101011110010011
00000000111101101110011110110011
00000000000001110000011000010011
00000001110001111111111001100011
00000001000001111000011110110011
11111111111101110000011000010011
00000001000001111110100001100011
00000001110001111111011001100011
11111111111001110000011000010011
00000001000001111000011110110011
00000001000001010001010100010011
00000000000000010000111010110111
00000000110001010110010100110011
11111111111111101000011010010011
00000000110101010111100000110011
00000001000001010101011000010011
00000000110100110111011010110011
00000001000000110101001100010011
01000001110001111000011110110011
00000010110110000000111000110011
00000010110101100000011010110011
00000001000011100101011100010011
00000010011010000000100000110011
00000000110110000000100000110011
00000001000001110000011100110011
00000010011001100000011000110011
00000000110101110111010001100011
00000001110101100000011000110011
00000001000001110101011010010011
00000000110001101000011000110011
00000010110001111110011001100011
11001110110001111001110011100011
00000000000000010000011110110111
11111111111101111000011110010011
00000000111101110111011100110011
00000001000001110001011100010011
00000000111111100111111000110011
00000000101110001001100010110011
00000001110001110000011100110011
00000000000000000000010110010011
11011010111010001111111011100011
11111111111101010000010100010011
11001100110111111111000001101111
00000000000000000000010110010011
00000000000000000000010100010011
11011010100111111111000001101111
00000000000001010000111010010011
00000000000001011000001100010011
00000000000001100000100000010011
00000000000001101000011110010011
00100010000001101001101001100011
00000000000000001101011100110111
10101000100001110000011100010011
00001100110001011111110001100011
00000000000000010000011010110111
00001010110101100111111001100011
00001111111100000000011010010011
00000000110001101111010001100011
00000000100000000000011110010011
00000000111101100101011010110011
00000000110101110000011100110011
00000000000001110100011100000011
00000000111101110000011110110011
00000010000000000000011100010011
01000000111101110000100010110011
00000000111101110000110001100011
00000001000100110001010110110011
00000000111111101101011110110011
00000001000101100001100000110011
00000000101101111110010110110011
00000001000111101001010100110011
00000001000010000101011010010011
00000010110101011111011110110011
00000001000010000001011000010011
00000001000001100101011000010011
00000001000001010101011100010011
00000010110101011101010110110011
00000001000001111001011110010011
00000000111001111110011100110011
00000010101101100000010110110011
00000000101101110111101001100011
00000001000001110000011100110011
00000001000001110110011001100011
00000000101101110111010001100011
00000001000001110000011100110011
01000000101101110000011100110011
00000010110101110111011110110011
00000001000001010001010100010011
00000001000001010101010100010011
00000010110101110101011100110011
00000001000001111001011110010011
00000000101001111110010100110011
00000010111001100000011100110011
00000000111001010111101001100011
00000001000001010000010100110011
00000001000001010110011001100011
00000000111001010111010001100011
00000001000001010000010100110011
01000000111001010000010100110011
00000001000101010101010100110011
00000000000000000000010110010011
00000000000000001000000001100111
00000001000000000000011010110111
00000001000000000000011110010011
11110100110101100110011011100011
00000001100000000000011110010011
11110100010111111111000001101111
00000000000001100001011001100011
00000000000100000000011010010011
00000010110001101101100000110011
00000000000000010000011010110111
00010010110110000111011001100011
00001111111100000000011010010011
00000001000001101111010001100011
00000000100000000000011110010011
00000000111110000101011010110011
00000000110101110000011100110011
00000000000001110100011000000011
01000001000000110000010110110011
00000000111101100000011000110011
00000010000000000000011110010011
01000000110001111000100010110011
00001000110001111000011001100011
00000001000110000001100000110011
00000000110000110101011110110011
00000001000100110001010110110011
00000001000010000101001100010011
00000000110011101101011000110011
00000000101101100110011000110011
00000001000010000001010110010011
00000001000001011101010110010011
00000001000111101001010100110011
00000010011001111101011010110011
00000010011001111111011100110011
00000001000001100101011110010011
00000010110101011000011010110011
00000001000001110001011100010011
00000000111101110110011100110011
00000000110101110111101001100011
00000001000001110000011100110011
00000001000001110110011001100011
00000000110101110111010001100011
00000001000001110000011100110011
01000000110101110000011010110011
00000010011001101111011100110011
00000001000001100001011000010011
00000001000001100101011000010011
00000010011001101101011010110011
00000001000001110001011100010011
00000010110101011000011010110011
00000000110001110110010110110011
00000000110101011111101001100011
00000001000001011000010110110011
00000001000001011110011001100011
00000000110101011111010001100011
00000001000001011000010110110011
01000000110101011000010110110011
00000001000010000101011010010011
00000010110101011111011100110011
00000001000010000001011110010011
00000001000001111101011110010011
00000001000001010101011000010011
00000010110101011101010110110011
00000001000001110001011100010011
00000000110001110110011100110011
00000010101101111000010110110011
00000000101101110111101001100011
00000001000001110000011100110011
00000001000001110110011001100011
00000000101101110111010001100011
00000001000001110000011100110011
01000000101101110000010110110011
00000010110101011111011100110011
00000001000001010001010100010011
00000001000001010101010100010011
00000010110101011101010110110011
00000010101101111000010110110011
00000001000001110001011110010011
00000000101001111110010100110011
00000000101101010111101001100011
00000001000001010000010100110011
00000001000001010110011001100011
00000000101101010111010001100011
00000001000001010000010100110011
01000000101101010000010100110011
11101010100111111111000001101111
00000001000000000000011010110111
00000001000000000000011110010011
11101100110110000110111011100011
00000001100000000000011110010011
11101101010111111111000001101111
11101000110101011110110011100011
00000000000000010000011110110111
00000100111101101111100001100011
00001111111100000000100010010011
00000000110110001011011110110011
00000000001101111001011110010011
00000000000000001101011100110111
00000000111101101101100000110011
10101000100001110000011100010011
00000001000001110000011100110011
00000000000001110100100010000011
00000000111110001000100010110011
00000010000000000000011110010011
01000001000101111000100000110011
00000011000101111001101001100011
00000000011001101110010001100011
11100100110011101110110011100011
01000000110011101000010100110011
01000000110100110000010110110011
00000000101011101011111010110011
01000001110101011000010110110011
11100100010111111111000001101111
00000001000000000000011100110111
00000001000000000000011110010011
11111010111001101110110011100011
00000001100000000000011110010011
11111011000111111111000001101111
00000001000101100101011110110011
00000001000001101001011010110011
00000000110101111110111000110011
00000001000100110101111100110011
00000001000111101101011110110011
00000001000011101001010100110011
00000001000011100101111010010011
00000001000000110001010110110011
00000011110111110101001100110011
00000000101101111110011110110011
00000001000011100001010110010011
00000001000001011101010110010011
00000001000001111101011100010011
00000001000001100001011000110011
00000011110111110111011010110011
00000010011001011000111100110011
00000001000001101001011010010011
00000000111001101110011100110011
00000000000000110000011010010011
00000001111001110111111001100011
00000001110001110000011100110011
11111111111100110000011010010011
00000001110001110110100001100011
00000001111001110111011001100011
11111111111000110000011010010011
00000001110001110000011100110011
01000001111001110000011100110011
00000011110101110111001100110011
00000001000001111001011110010011
00000001000001111101011110010011
00000011110101110101011100110011
00000001000000110001001100010011
00000000111100110110001100110011
00000010111001011000010110110011
00000000000001110000011110010011
00000000101100110111111001100011
00000001110000110000001100110011
11111111111101110000011110010011
00000001110000110110100001100011
00000000101100110111011001100011
11111111111001110000011110010011
00000001110000110000001100110011
00000001000001101001011010010011
00000000000000010000111100110111
00000000111101101110011010110011
01000000101100110000010110110011
11111111111111110000001100010011
00000000011001101111111010110011
00000001000001100101011100010011
00000001000001101101011010010011
00000000011001100111001100110011
00000010011011101000011110110011
00000010011001101000001100110011
00000010111011101000111010110011
00000010111001101000011010110011
00000000011011101000111010110011
00000001000001111101011100010011
00000001110101110000011100110011
00000000011001110111010001100011
00000001111001101000011010110011
00000001000001110101001100010011
00000000110100110000011010110011
00000000000000010000001100110111
11111111111100110000001100010011
00000000011001110111011100110011
00000001000001110001011100010011
00000000011001111111011110110011
00000000111101110000011110110011
00000000110101011110011001100011
00000000110101011001111001100011
00000000111101010111110001100011
01000000110001111000011000110011
00000000110001111011011110110011
00000001110001111000011110110011
01000000111101101000011010110011
00000000000001100000011110010011
01000000111101010000011110110011
00000000111101010011010100110011
01000000110101011000010110110011
01000000101001011000010110110011
00000001000101011001100010110011
00000001000001111101010100110011
00000000101010001110010100110011
00000001000001011101010110110011
11001101110111111111000001101111
11111101000000010000000100010011
00000001001100010010111000100011
00000001010001011101100110010011
00000010100000010010010000100011
00000010100100010010001000100011
00000001010000010010110000100011
00000001010100010010101000100011
00000001011100010010011000100011
00000000110001011001010010010011
00000010000100010010011000100011
00000011001000010010000000100011
00000001011000010010100000100011
01111111111110011111100110010011
00000000000001010000010000010011
00000000000001100000101110010011
00000000000001101000101010010011
00000000110001001101010010010011
00000001111101011101101000010011
00001010000010011000001001100011
01111111111100000000011110010011
00010000111110011000000001100011
00000001110101010101011110010011
00000000001101001001010010010011
00000000100101111110010010110011
00000000100000000000011110110111
00000000111101001110010010110011
00000000001101010001100100010011
11000000000110011000100110010011
00000000000000000000101100010011
00000001010010101101010100010011
00000000110010101001010000010011
01111111111101010111010100010011
00000000110001000101010000010011
00000001111110101101101010010011
00010000000001010000000001100011
01111111111100000000011110010011
00010110111101010000000001100011
00000001110110111101011110010011
00000000001101000001010000010011
00000000100001111110010000110011
00000000100000000000011110110111
00000000111101000110010000110011
11000000000101010000010100010011
00000000001110111001011110010011
00000000000000000000011100010011
00000000001010110001011010010011
00000000111001101110011010110011
00000000101010011000010100110011
11111111111101101000011010010011
00000000111000000000100000010011
00000001010110100100011000110011
00000000000101010000010110010011
00010100110110000110110001100011
00000000000000001101010100110111
00000000001001101001011010010011
10011101010001010000010100010011
00000000101001101000011010110011
00000000000001101010011010000011
00000000000001101000000001100111
00000000101001001110100100110011
00000110000010010000110001100011
00000100000001001000000001100011
00000000000001001000010100010011
00010000110100000001000011101111
11111111010101010000011100010011
00000001110000000000011110010011
00000010111001111100110001100011
00000001110100000000011110010011
11111111100001010000100100010011
01000000111001111000011110110011
00000001001001001001010010110011
00000000111101000101011110110011
00000000100101111110010010110011
00000001001001000001100100110011
11000000110100000000100110010011
01000000101010011000100110110011
11110100000111111111000001101111
00001101010100000001000011101111
00000010000001010000010100010011
11111100010111111111000001101111
11111101100001010000010010010011
00000000100101000001010010110011
00000000000000000000100100010011
11111101110111111111000001101111
00000000101001001110100100110011
00000010000010010000001001100011
00000000000001010000100100010011
01111111111100000000100110010011
00000000001100000000101100010011
11110001000111111111000001101111
00000000000000000000010010010011
00000000000000000000100110010011
00000000000100000000101100010011
11110000000111111111000001101111
00000000000000000000010010010011
01111111111100000000100110010011
00000000001000000000101100010011
11101111000111111111000001101111
00000001011101000110011110110011
00000110000001111000111001100011
00000100000001000000000001100011
00000000000001000000010100010011
00000111000100000001000011101111
11111111010101010000011010010011
00000001110000000000011110010011
00000010110101111100111001100011
00000001110100000000011100010011
11111111100001010000011110010011
01000000110101110000011100110011
00000000111101000001010000110011
00000000111010111101011100110011
00000000100001110110010000110011
00000000111110111001011110110011
11000000110100000000011100010011
01000000101001110000010100110011
11101110010111111111000001101111
00000000000010111000010100010011
00000011010100000001000011101111
00000010000001010000010100010011
11111100000111111111000001101111
11111101100001010000010000010011
00000000100010111001010000110011
00000000000000000000011110010011
11111101100111111111000001101111
00000001011101000110011110110011
00000010000001111000001001100011
00000000000010111000011110010011
01111111111100000000010100010011
00000000001100000000011100010011
11101011000111111111000001101111
00000000000000000000010000010011
00000000000000000000010100010011
00000000000100000000011100010011
11101010000111111111000001101111
00000000000000000000010000010011
01111111111100000000010100010011
00000000001000000000011100010011
11101001000111111111000001101111
00000000000000010000111100110111
11111111111111110000111010010011
00000001000010010101011100010011
00000001000001111101100010010011
00000001110110010111100100110011
00000001110101111111011110110011
00000011001010001000100000110011
00000010111110010000011010110011
00000010111101110000111110110011
00000001111110000000001100110011
00000001000001101101100000010011
00000000011010000000100000110011
00000011000101110000111000110011
00000001111110000111010001100011
00000001111011100000111000110011
00000001000010000101001110010011
00000001110110000111100000110011
00000001110101101111011010110011
00000001000001000101111100010011
00000001110101000111001010110011
00000001000010000001100000010011
00000000110110000000100000110011
00000010010101110000111010110011
00000010010110010000011010110011
00000011001011110000100100110011
00000001110110010000001100110011
00000001000001101101100100010011
00000000011010010000100100110011
00000011111001110000011100110011
00000001110110010111011001100011
00000000000000010000001100110111
00000000011001110000011100110011
00000001000010010101111010010011
00000000000000010000100110110111
00000000111011101000111010110011
11111111111110011000011100010011
00000000111010010111100100110011
00000000111001101111011010110011
00000001000001001101010000010011
00000001000010010001100100010011
00000000111001001111010010110011
00000010100101111000011100110011
00000000110110010000100100110011
00000001001000111000001110110011
00000010111101000000001100110011
00000010100110001000011010110011
00000010100010001000011110110011
00000000011001101000100010110011
00000001000001110101011010010011
00000001000101101000011010110011
00000000011001101111010001100011
00000001001101111000011110110011
00000001000001101101100010010011
00000000000000010000100110110111
00000000111110001000111110110011
11111111111110011000011110010011
00000010100100101000100010110011
00000000111101101111011010110011
00000000111101110111011100110011
00000001000001101001011010010011
00000000111001101000011010110011
00000010010101000000011110110011
00000010100111110000010010110011
00000010100011110000001100110011
00000000111101001000010010110011
00000001000010001101010000010011
00000000100101000000010010110011
00000000111101001111010001100011
00000001001100110000001100110011
00000000000000010000011110110111
11111111111101111000011110010011
00000000111101001111011100110011
00000000111110001111100010110011
00000001000001110001011100010011
00000000011111100000111000110011
00000001000101110000011100110011
00000001001011100011100100110011
00000001110101110000011100110011
00000001001001110000010000110011
00000000110111100000111000110011
00000000110111100011011010110011
00000001111101000000100010110011
00000000110110001000111100110011
00000001110101110011011100110011
00000001001001000011010000110011
00000000100001110110010000110011
00000001000001001101010010010011
00000001111110001011100010110011
00000000110111110011011010110011
00000000100101000000010000110011
00000000110110001110011010110011
00000000110101000000010000110011
00000000011001000000010000110011
00000001011111110101011110010011
00000000100101000001010000010011
00000000111101000110010000110011
00000000100111100001011110010011
00000001000001111110011110110011
00000000111100000011011110110011
00000001011111100101111000010011
00000000100111110001011100010011
00000001110001111110011110110011
00000000111001111110011110110011
00000001000000000000011100110111
00000000111001000111011100110011
00010000000001110000011001100011
00000000000101111101011100010011
00000000000101111111011110010011
00000000111101110110011110110011
00000001111101000001011100010011
00000000111001111110011110110011
00000000000101000101010000010011
00111111111101011000011010010011
00001110110100000101101001100011
00000000011101111111011100010011
00000010000001110000000001100011
00000000111101111111011100010011
00000000010000000000010100010011
00000000101001110000101001100011
00000000010001111000011100010011
00000000111101110011011110110011
00000000111101000000010000110011
00000000000001110000011110010011
00000001000000000000011100110111
00000000111001000111011100110011
00000000000001110000101001100011
11111111000000000000011100110111
11111111111101110000011100010011
00000000111001000111010000110011
01000000000001011000011010010011
01111111111000000000011100010011
00010110110101110100101001100011
00000000001101111101011100010011
00000001110101000001011110010011
00000000111001111110011110110011
00000000001101000101010000010011
00000001010001101001011100010011
00000000110001000001010000010011
01111111111100000000011010110111
00000000110101110111011100110011
00000000110001000101010000010011
00000000100001110110010000110011
00000001111101100001011000010011
00000010110000010010000010000011
00000000110001000110011100110011
00000010100000010010010000000011
00000010010000010010010010000011
00000010000000010010100100000011
00000001110000010010100110000011
00000001100000010010101000000011
00000001010000010010101010000011
00000001000000010010101100000011
00000000110000010010101110000011
00000000000001111000010100010011
00000000000001110000010110010011
00000011000000010000000100010011
00000000000000001000000001100111
00000000000010100000011000010011
00000000000001001000010000010011
00000000000010010000011110010011
00000000000010110000011100010011
00000000001000000000011010010011
00001110110101110000110001100011
00000000001100000000011010010011
00001100110101110000111001100011
00000000000100000000011010010011
11110010110101110001010011100011
00000000000000000000010000010011
00000000000000000000011110010011
00001000110000000000000001101111
00000000000010101000011000010011
11111101100111111111000001101111
00000000000001010000010110010011
11110000110111111111000001101111
00000000000100000000010100010011
01000000110101010000010100110011
00000011100000000000011100010011
11111100101001110100110011100011
00000001111100000000011100010011
00000110101001110100011001100011
01000001111001011000010110010011
00000000101101000001011100110011
00000000101001111101011010110011
00000000101101111001011110110011
00000000110101110110011100110011
00000000111100000011011110110011
00000000111101110110011110110011
00000000101001000101010000110011
00000000011101111111011100010011
00000010000001110000000001100011
00000000111101111111011100010011
00000000010000000000011010010011
00000000110101110000101001100011
00000000010001111000011100010011
00000000111101110011011110110011
00000000111101000000010000110011
00000000000001110000011110010011
00000000100000000000011100110111
00000000111001000111011100110011
00000110000001110001101001100011
00000001110101000001011100010011
00000000001101111101011110010011
00000000111101110110011110110011
00000000001101000101010000010011
00000000000000000000011010010011
11101110110111111111000001101111
11111110000100000000011100010011
01000000110101110000011100110011
00000010000000000000100000010011
00000000111001000101011100110011
00000000000000000000011010010011
00000001000001010000011001100011
01000011111001011000010110010011
00000000101101000001011010110011
00000000111101101110011110110011
00000000111100000011011110110011
00000000111101110110011110110011
00000000000000000000010000010011
11111000100111111111000001101111
00000000000010000000010000110111
00000000000000000000011110010011
01111111111100000000011010010011
00000000000000000000011000010011
11101010010111111111000001101111
00000000000000000000010000010011
00000000000000000000011110010011
01111111111100000000011010010011
11101001010111111111000001101111
00000000000000000000010000010011
00000000000000000000011110010011
00000000000100000000011010010011
11101000010111111111000001101111
00000000000100000000100000110111
11111111111110000000100000010011
11111110000000010000000100010011
00000000101110000111011110110011
00000001010001011101011100010011
00000000110110000111100000110011
00000001010001101101001100010011
00000000100000010010110000100011
00000000001101111001011110010011
01111111111101110111010000010011
00000001110101010101011100010011
00000000100100010010101000100011
00000000111101110110011110110011
00000001111101011101010010010011
00000001110101100101011100010011
00000000001101010001010110010011
00000000001110000001100000010011
00000000000100010010111000100011
00000001001000010010100000100011
00000001001100010010011000100011
01111111111100110111001100010011
01111111111100000000010100010011
00000001111101101101011010010011
00000001000001110110011100110011
00000000001101100001011000010011
00000000101000110001011001100011
00000000110001110110010100110011
00000000000001010001010001100011
00000000000101101100011010010011
01000000011001000000100000110011
00101100100101101001100001100011
00010011000000000101000001100011
00000100000000110001000001100011
00000000110001110110011010110011
01110000000001101000110001100011
11111111111110000000010100010011
00000010000001010001000001100011
00000000110001011000011000110011
00000000101101100011010100110011
00000000111001111000011110110011
00000000101001111000011110110011
00000000000001100000010110010011
00000000000100000000010000010011
00000111000000000000000001101111
01111111111100000000011010010011
00000010110110000001000001100011
01111111111100000000010000010011
00100001010000000000000001101111
01111111111100000000011010010011
00100000110101000000011001100011
00000000100000000000011010110111
00000000110101110110011100110011
00000000000010000000010100010011
00000011100000000000011010010011
00001010101001101100110001100011
00000001111100000000011010010011
00000110101001101100111001100011
00000010000000000000100000010011
01000000101010000000100000110011
00000001000001110001011010110011
00000000101001100101100010110011
00000001000001100001011000110011
00000001000101101110011010110011
00000000110000000011011000110011
00000000110001101110011000110011
00000000101001110101011100110011
00000000101101100000011000110011
00000000101101100011010100110011
00000000111101110000011100110011
00000000101001110000011110110011
00000000000001100000010110010011
00000000100000000000011100110111
00000000111001111111011100110011
00011010000001110000011001100011
00000000000101000000010000010011
01111111111100000000011100010011
01011100111001000000101001100011
11111111100000000000011100110111
11111111111101110000011100010011
00000000111001111111011110110011
00000000000101011111010100010011
00000000000101011101011100010011
00000000101001110110010100110011
00000001111101111001010110010011
00000000101001011110010110110011
00000000000101111101011110010011
00010111100000000000000001101111
11111110000001010000011010010011
00000010000000000000100010010011
00000000110101110101011010110011
00000000000000000000100000010011
00000001000101010000100001100011
00000100000000000000100000010011
01000000101010000000010100110011
00000000101001110001100000110011
00000000110010000110011000110011
00000000110000000011011000110011
00000000110001101110011000110011
00000000000000000000011100010011
11110111110111111111000001101111
00000000110001110110011000110011
00000000110000000011011000110011
11111111000111111111000001101111
00001110000010000000001001100011
01000000100000110000010100110011
00000010000001000001111001100011
00000000101101111110011010110011
01010010000001101000110001100011
11111111111101010000011010010011
00000000000001101001110001100011
00000000110001011000010110110011
00000000111001111000011110110011
00000000110001011011011000110011
00000000110001111000011110110011
11101110000111111111000001101111
01111111111100000000100000010011
00000011000001010001001001100011
00000000000001110000011110010011
00000000000001100000010110010011
11101101110111111111000001101111
01111111111100000000011010010011
11111110110100110000100011100011
00000000100000000000011010110111
00000000110101111110011110110011
00000000000001010000011010010011
00000011100000000000010100010011
00000110110101010100111001100011
00000001111100000000010100010011
00000100110101010100000001100011
00000010000000000000100000010011
01000000110110000000100000110011
00000001000001111001010100110011
00000000110101011101100010110011
00000001000001011001010110110011
00000001000101010110010100110011
00000000101100000011010110110011
00000000101101010110010100110011
00000000110101111101011110110011
00000000110001010000010110110011
00000000111001111000011110110011
00000000110001011011011000110011
00000000110001111000011110110011
00000000000000110000010000010011
11101110000111111111000001101111
11111110000001101000010100010011
00000010000000000000100010010011
00000000101001111101100000110011
00000000000000000000010100010011
00000001000101101000100001100011
00000100000000000000010100010011
01000000110101010000010100110011
00000000101001111001010100110011
00000000101101010110010100110011
00000000101000000011010100110011
00000000101010000110010100110011
00000000000000000000011110010011
11111011100111111111000001101111
00000000101101111110010100110011
00000000101000000011010100110011
11111111000111111111000001101111
00000000000101000000011010010011
01111111111001101111010100010011
00001000000001010001100001100011
00000000101101111110011010110011
00000110000001000001010001100011
01000110000001101000000001100011
00000000110001110110011010110011
00000010000001101000101001100011
00000000110001011000011000110011
00000000111001111000011110110011
00000000101101100011010100110011
00000000101001111000011110110011
00000000100000000000011100110111
00000000111001111111011100110011
00000000000001100000010110010011
00000000000001110000101001100011
11111111100000000000011100110111
11111111111101110000011100010011
00000000111001111111011110110011
00000000000100000000010000010011
00000000011101011111011100010011
01000010000001110000110001100011
00000000111101011111011100010011
00000000010000000000011010010011
01000010110101110000011001100011
00000000010001011000011100010011
00000000101101110011010100110011
00000000101001111000011110110011
00000000000001110000010110010011
01000001100000000000000001101111
11101100000001101000111011100011
00000000110001110110011000110011
11011010000001100000110011100011
00000000000000000000010010010011
00000000010000000000011110110111
00000000000000000000010110010011
01111111111100000000010000010011
00111111100000000000000001101111
01111111111100000000010100010011
00111110101001101000001001100011
00000000110001011000011000110011
00000000101101100011010100110011
00000000111001111000011110110011
00000000101001111000011110110011
00000001111101111001010100010011
00000000000101100101011000010011
00000000110001010110010110110011
00000000000101111101011110010011
00000000000001101000010000010011
11111000110111111111000001101111
00001111000000000101110001100011
00001000000000110001111001100011
00000000110001110110011010110011
01000100000001101000011001100011
11111111111110000000010100010011
00000010000001010001000001100011
01000000110001011000011000110011
00000000110001011011010100110011
01000000111001111000011110110011
01000000101001111000011110110011
00000000000001100000010110010011
00000000000100000000010000010011
00000101010000000000000001101111
01111111111100000000011010010011
11010010110110000000110011100011
00000011100000000000011010010011
00001010101001101100011001100011
00000001111100000000011010010011
00000110101001101100100001100011
00000010000000000000100000010011
01000000101010000000100000110011
00000001000001110001011010110011
00000000101001100101100010110011
00000001000001100001011000110011
00000001000101101110011010110011
00000000110000000011011000110011
00000000110001101110011000110011
00000000101001110101011100110011
01000000110001011000011000110011
00000000110001011011010100110011
01000000111001111000011100110011
01000000101001110000011110110011
00000000000001100000010110010011
00000000100000000000100100110111
00000001001001111111011100110011
11101110000001110000111011100011
11111111111110010000100100010011
00000001001001111111100100110011
00000000000001011000100110010011
00100001010000000000000001101111
01111111111100000000011010010011
11101110110101000000001011100011
00000000100000000000011010110111
00000000110101110110011100110011
00000000000010000000010100010011
11111000100111111111000001101111
11111110000001010000011010010011
00000010000000000000100010010011
00000000110101110101011010110011
00000000000000000000100000010011
00000001000101010000100001100011
00000100000000000000100000010011
01000000101010000000010100110011
00000000101001110001100000110011
00000000110010000110011000110011
00000000110000000011011000110011
00000000110001101110011000110011
00000000000000000000011100010011
11111000100111111111000001101111
00000000110001110110011000110011
00000000110000000011011000110011
11111111000111111111000001101111
00001110000010000000100001100011
01000000100000110000010100110011
00000100000001000001001001100011
00000000101101111110100000110011
00110100000010000000110001100011
11111111111101010000100000010011
00000000000010000001111001100011
01000000101101100000010110110011
01000000111101110000011110110011
00000000101101100011011000110011
01000000110001111000011110110011
00000000000001101000010010010011
11110000010111111111000001101111
01111111111100000000100010010011
00000011000101010001010001100011
00000000000001110000011110010011
00000000000001100000010110010011
01111111111100000000010000010011
00001101000000000000000001101111
01111111111100000000100000010011
11111111000000110000011011100011
00000000100000000000100000110111
00000001000001111110011110110011
00000000000001010000100000010011
00000011100000000000010100010011
00001001000001010100000001100011
00000001111100000000010100010011
00000101000001010100001001100011
00000010000000000000100010010011
01000001000010001000100010110011
00000001000101111001010100110011
00000001000001011101111000110011
00000001000101011001010110110011
00000001110001010110010100110011
00000000101100000011010110110011
00000000101101010110010100110011
00000001000001111101011110110011
01000000101001100000010110110011
01000000111101110000011110110011
00000000101101100011011000110011
01000000110001111000011110110011
00000000000000110000010000010011
00000000000001101000010010010011
11101110000111111111000001101111
11111110000010000000010100010011
00000010000000000000111000010011
00000000101001111101100010110011
00000000000000000000010100010011
00000001110010000000100001100011
00000100000000000000010100010011
01000001000001010000010100110011
00000000101001111001010100110011
00000000101101010110010100110011
00000000101000000011010100110011
00000000101010001110010100110011
00000000000000000000011110010011
11111011010111111111000001101111
00000000101101111110010100110011
00000000101000000011010100110011
11111111000111111111000001101111
00000000000101000000010100010011
01111111111001010111010100010011
00001000000001010001100001100011
00000000101101111110100000110011
00000000110001110110010100110011
00000110000001000001001001100011
00000000000010000001110001100011
00100110000001010000011001100011
00000000000001110000011110010011
00000000000001100000010110010011
00000000000001101000010010010011
11010111010111111111000001101111
11010110000001010000100011100011
01000000110001011000100000110011
00000001000001011011100010110011
01000000111001111000010100110011
01000001000101010000010100110011
00000000100000000000100010110111
00000001000101010111100010110011
00000000000010001000110001100011
01000000101101100000010110110011
01000000111101110000011110110011
00000000101101100011011000110011
01000000110001111000011110110011
11111100100111111111000001101111
00000000101010000110010110110011
00100010000001011000100001100011
00000000000001010000011110010011
00000000000010000000010110010011
11010010110111111111000001101111
00000000000010000001110001100011
00100010000001010000001001100011
00000000000001110000011110010011
00000000000001100000010110010011
00000000000001101000010010010011
10101111110111111111000001101111
10101110000001010000110011100011
11010100000111111111000001101111
01000000110001011000100110110011
00000001001101011011010100110011
01000000111001111000100100110011
01000000101010010000100100110011
00000000100000000000010100110111
00000000101010010111010100110011
00001000000001010000010001100011
01000000101101100000100110110011
01000000111101110000011110110011
00000001001101100011011000110011
01000000110001111000100100110011
00000000000001101000010010010011
00001000000010010000001001100011
00000000000010010000010100010011
01100100000100000000000011101111
11111111100001010000011100010011
00000001111100000000011110010011
00001000111001111100000001100011
00000010000000000000011110010011
01000000111001111000011110110011
00000000111010010001100100110011
00000000111110011101011110110011
00000001001001111110011110110011
00000000111010011001010110110011
00001010100001110100010001100011
01000000100001110000011100110011
00000000000101110000011010010011
00000001111100000000011000010011
00000110110101100100001001100011
00000010000000000000011100010011
01000000110101110000011100110011
00000000111001111001011000110011
00000000110101011101010100110011
00000000111001011001010110110011
00000000101001100110011000110011
00000000101100000011010110110011
00000000101101100110010110110011
00000000110101111101011110110011
00000000000000000000010000010011
11000110110111111111000001101111
00000001001010011110010110110011
11111000000001011001011011100011
00000000000000000000011110010011
00000000000000000000010000010011
00010100100000000000000001101111
00000000000010011000010100010011
01011100000100000000000011101111
00000010000001010000010100010011
11110111110111111111000001101111
11111101100001010000011110010011
00000000111110011001011110110011
00000000000000000000010110010011
11111001000111111111000001101111
11111110000101110000011100010011
00000010000000000000011000010011
00000000111001111101011100110011
00000000000000000000010100010011
00000000110001101000100001100011
00000100000000000000010100010011
01000000110101010000010100110011
00000000101001111001010100110011
00000000101001011110010100110011
00000000101000000011010100110011
00000000101001110110010110110011
00000000000000000000011110010011
11111001010111111111000001101111
01000000111001000000010000110011
11111111100000000000011100110111
11111111111101110000011100010011
00000000111001111111011110110011
10111111000111111111000001101111
00000000000001110000011110010011
00000000000001100000010110010011
00000000000001010000010000010011
10111110000111111111000001101111
00000000000001110000011110010011
00000000000001100000010110010011
10111101010111111111000001101111
01111111111100000000010000010011
00000000000000000000011110010011
00000000000000000000010110010011
00000000100000000000011100110111
00000000111001111111011100110011
00000000000001110000111001100011
00000000000101000000010000010011
01111111111100000000011100010011
00001100111001000000000001100011
11111111100000000000011100110111
11111111111101110000011100010011
00000000111001111111011110110011
00000001110101111001011100010011
00000000001101011101010100010011
00000000101001110110010100110011
01111111111100000000011100010011
00000000001101111101011110010011
00000000111001000001111001100011
00000000111101010110010100110011
00000000000000000000011110010011
00000000000001010000100001100011
00000000000010000000011110110111
00000000000000000000010100010011
00000000000000000000010010010011
00000001010001000001011100010011
01111111111100000000011010110111
00000000110001111001011110010011
00000001110000010010000010000011
00000001100000010010010000000011
00000000110101110111011100110011
00000000110001111101011110010011
00000001111101001001010010010011
00000000111101110110011110110011
00000000100101111110011100110011
00000001000000010010100100000011
00000001010000010010010010000011
00000000110000010010100110000011
00000000000001110000010110010011
00000010000000010000000100010011
00000000000000001000000001100111
00000000000010000000010000010011
10110010110111111111000001101111
00000000000001110000011110010011
00000000000001100000010110010011
00000000000001010000010000010011
11011010010111111111000001101111
00000000000000000000011110010011
00000000000000000000010110010011
00000000000000000000010010010011
11110100100111111111000001101111
00000000000000000000011110010011
11111111010111111111000001101111
00000000000000000000010110010011
00000000000000000000010010010011
00000000010000000000011110110111
10110011010111111111000001101111
00000000000000000000011110010011
00000000000000000000010110010011
11110100100111111111000001101111
00000001010001011101011100010011
00000000000100000000011010110111
11111111111101101000011110010011
01111111111101110111011100010011
00111111111000000000011000010011
00000000101101111111011110110011
00000001111101011101010110010011
00000100111001100101111001100011
01000001110100000000011000010011
00000000111001100101101001100011
10000000000000000000010100110111
11111111111101010100010100010011
00000000101001011000010100110011
00000000000000001000000001100111
00000000110101111110011110110011
01000011001100000000011010010011
01000000111001101000011010110011
00000001111100000000011000010011
00000010110101100100000001100011
10111110110101110000011100010011
00000000111001111001011110110011
00000000110101010101010100110011
00000000101001111110010100110011
00000010000001011000000001100011
01000000101000000000010100110011
00000000000000001000000001100111
01000001001100000000010100010011
01000000111001010000010100110011
00000000101001111101010100110011
11111110100111111111000001101111
00000000000000000000010100010011
00000000000000001000000001100111
11111111000000010000000100010011
00000000000100010010011000100011
00000000100000010010010000100011
00000000100100010010001000100011
00001000000001010000011001100011
01000001111101010101011110010011
00000000101001111100010000110011
01000000111101000000010000110011
00000001111101010101010010010011
00000000000001000000010100010011
00111010110100000000000011101111
01000001111000000000011100010011
00000000101000000000011110010011
01000000101001110000011100110011
00000100101001111100100001100011
00000000101100000000011110010011
01000000101001111000011110110011
00000001010101010000010100010011
00000000111101000101011110110011
00000000101001000001010000110011
00000000000001001000010100010011
00000000110001111001011110010011
00000001010001110001011100010011
00000000110001111101011110010011
00000001111101010001010100010011
00000000111101110110011110110011
00000000110000010010000010000011
00000000101001111110011100110011
00000000000001000000010100010011
00000000100000010010010000000011
00000000010000010010010010000011
00000000000001110000010110010011
00000001000000010000000100010011
00000000000000001000000001100111
11111111010101010000010100010011
00000000101001000001011110110011
00000000000001001000010100010011
00000000000000000000010000010011
11111011110111111111000001101111
00000000000000000000011100010011
00000000000000000000011110010011
11111111000111111111000001101111
11111110000000010000000100010011
00000000100100010010101000100011
00000001011101010101010010010011
00000001001000010010100000100011
00000001001100010010011000100011
00000001010000010010010000100011
00000000100101010001100110010011
00000000000100010010111000100011
00000000100000010010110000100011
00000001010100010010001000100011
00001111111101001111010010010011
00000000000001011000101000010011
00000000100110011101100110010011
00000001111101010101100100010011
00001000000001001000010001100011
00001111111100000000011110010011
00001010111101001000000001100011
00000000001110011001100110010011
00000100000000000000011110110111
00000000111110011110100110110011
11111000000101001000010010010011
00000000000000000000101010010011
00000001011110100101010100010011
00000000100110100001010000010011
00001111111101010111010100010011
00000000100101000101010000010011
00000001111110100101101000010011
00001000000001010000101001100011
00001111111100000000011110010011
00001010111101010000011001100011
00000000001101000001010000010011
00000100000000000000011110110111
00000000111101000110010000110011
11111000000101010000010100010011
00000000000000000000011110010011
00000000001010101001011010010011
00000000111101101110011010110011
11111111111101101000011010010011
00000000111000000000011100010011
00000001010010010100011000110011
01000000101001001000010100110011
00001000110101110110111001100011
00000000000000001101011100110111
10100001000001110000011100010011
00000000001001101001011010010011
00000000111001101000011010110011
00000000000001101010011100000011
00000000000001110000000001100111
00000010000010011000101001100011
00000000000010011000010100010011
00100110010100000000000011101111
11111111101101010000011110010011
11111000101000000000010010010011
00000000111110011001100110110011
01000000101001001000010010110011
11110111100111111111000001101111
00001111111100000000010010010011
00000000001000000000101010010011
11110110000010011000100011100011
00000000001100000000101010010011
11110110100111111111000001101111
00000000000000000000010010010011
00000000000100000000101010010011
11110101110111111111000001101111
00000010000001000000101001100011
00000000000001000000010100010011
00100010010100000000000011101111
11111111101101010000011110010011
00000000111101000001010000110011
11111000101000000000011110010011
01000000101001111000010100110011
11110110110111111111000001101111
00001111111100000000010100010011
00000000001000000000011110010011
11110110000001000000001011100011
00000000001100000000011110010011
11110101110111111111000001101111
00000000000000000000010100010011
00000000000100000000011110010011
11110101000111111111000001101111
00000000010101000001100000010011
00010010100010011111010001100011
11111111111101010000010100010011
00000000000000000000011010010011
00000001000010000101010000010011
00000010100010011101001100110011
00000000000000010000011110110111
11111111111101111000011110010011
00000000111110000111011110110011
00000001000001101101011010010011
00000010100010011111011100110011
00000000000000110000010110010011
00000010011001111000100010110011
00000001000001110001011100010011
00000000111001101110011100110011
00000001000101110111111001100011
00000001000001110000011100110011
11111111111100110000010110010011
00000001000001110110100001100011
00000001000101110111011001100011
11111111111000110000010110010011
00000001000001110000011100110011
01000001000101110000011100110011
00000010100001110101100010110011
00000010100001110111011100110011
00000011000101111000011010110011
00000001000001110001011110010011
00000000000010001000011100010011
00000000110101111111111001100011
00000001000001111000011110110011
11111111111110001000011100010011
00000001000001111110100001100011
00000000110101111111011001100011
11111111111010001000011100010011
00000001000001111000011110110011
00000001000001011001010000010011
01000000110101111000011110110011
00000000111001000110010000110011
00000000111100000011011110110011
00000000111101000110010000110011
00000111111101010000011100010011
00001100111000000101111001100011
00000000011101000111011110010011
00000000000001111000101001100011
00000000111101000111011110010011
00000000010000000000011010010011
00000000110101111000010001100011
00000000010001000000010000010011
00001000000000000000011110110111
00000000111101000111011110110011
00000000000001111000101001100011
11111000000000000000011110110111
11111111111101111000011110010011
00000000111101000111010000110011
00001000000001010000011100010011
00001111111000000000011110010011
00000000001101000101010000010011
00000110111001111100110001100011
00000001011101110001011110010011
00000000100101000001010000010011
01111111100000000000011100110111
00000000111001111111011110110011
00000000100101000101010000010011
00000000100001111110010000110011
00000001111101100001010100010011
00000001110000010010000010000011
00000000101001000110010100110011
00000001100000010010010000000011
00000001010000010010010010000011
00000001000000010010100100000011
00000000110000010010100110000011
00000000100000010010101000000011
00000000010000010010101010000011
00000010000000010000000100010011
00000000000000001000000001100111
00000001111110011001011010010011
00000000000110011101100110010011
11101101110111111111000001101111
00000000000010010000011000010011
00000000000010011000010000010011
00000000000010101000011110010011
00000000001100000000011100010011
00001000111001111000100001100011
00000000000100000000011100010011
00001000111001111000110001100011
00000000001000000000011100010011
11110100111001111001010011100011
00000000000000000000010000010011
00001111111100000000011100010011
11111000010111111111000001101111
00000000000010100000011000010011
11111101100111111111000001101111
00000000010000000000010000110111
00000000000000000000011000010011
00000000001100000000011110010011
11111100100111111111000001101111
00000000000100000000011110010011
01000000111001111000011110110011
00000001101100000000011100010011
00000100111101110100111001100011
00001001111001010000010100010011
00000000111101000101011110110011
00000000101001000001010000110011
00000000100000000011010000110011
00000000100001111110010000110011
00000000011101000111011110010011
00000000000001111000101001100011
00000000111101000111011110010011
00000000010000000000011100010011
00000000111001111000010001100011
00000000010001000000010000010011
00000100000000000000011110110111
00000000111101000111011110110011
00000000001101000101010000010011
00000010000001111000001001100011
00000000000000000000010000010011
00000000000100000000011100010011
11110001010111111111000001101111
00000000010000000000010000110111
00001111111100000000011100010011
00000000000000000000011000010011
11110000010111111111000001101111
00000000000000000000010000010011
00000000000000000000011100010011
11101111100111111111000001101111
00000001011101010101011010010011
00000000100000000000011110110111
11111111111101111000011110010011
00000001011101011101011100010011
00001111111101101111011010010011
00001111111100000000100000010011
00000000101001111111011000110011
00001111111101110111011100010011
00000000101101111111011110110011
00000001111101010101010100010011
00000001111101011101010110010011
00000001000001101001100001100011
00000110000001100000101001100011
11111111111000000000010100010011
00000000000000001000000001100111
00000001000001110001010001100011
11111110000001111001101011100011
00000110000001101001001001100011
00000000000001110001010001100011
00000100000001111000100001100011
00000000000001100000110001100011
00000000101101010001010001100011
00000010110101110101000001100011
00000010000001010000110001100011
11111111111100000000010100010011
00000000000000001000000001100111
11111111111100000000010100010011
00000000000001011000101001100011
00000000000001011000010100010011
00000000000000001000000001100111
00000000111001101101011001100011
11111110000001010000001011100011
00000000000000001000000001100111
11111100110001111110110011100011
11111110111101100110101011100011
00000000000000000000010100010011
00000000000000001000000001100111
00000000000100000000010100010011
00000000000000001000000001100111
11111110000001100000100011100011
11111011110111111111000001101111
11111000110101110000111011100011
11111010000001110001011011100011
11111010000001111000100011100011
11111010010111111111000001101111
00000001011101010101011010010011
00000000100000000000011110110111
11111111111101111000011110010011
00000001011101011101011100010011
00001111111101101111011010010011
00001111111100000000100000010011
00000000101001111111011000110011
00001111111101110111011100010011
00000000101101111111011110110011
00000001111101010101010100010011
00000001111101011101010110010011
00000001000001101001100001100011
00000110000001100000101001100011
00000000001000000000010100010011
00000000000000001000000001100111
00000001000001110001010001100011
11111110000001111001101011100011
00000110000001101001001001100011
00000000000001110001010001100011
00000100000001111000100001100011
00000000000001100000110001100011
00000000101101010001010001100011
00000010110101110101000001100011
00000010000001010000110001100011
11111111111100000000010100010011
00000000000000001000000001100111
11111111111100000000010100010011
00000000000001011000101001100011
00000000000001011000010100010011
00000000000000001000000001100111
00000000111001101101011001100011
11111110000001010000001011100011
00000000000000001000000001100111
11111100110001111110110011100011
11111110111101100110101011100011
00000000000000000000010100010011
00000000000000001000000001100111
00000000000100000000010100010011
00000000000000001000000001100111
11111110000001100000100011100011
11111011110111111111000001101111
11111000110101110000111011100011
11111010000001110001011011100011
11111010000001111000100011100011
11111010010111111111000001101111
11111110000000010000000100010011
00000001001000010010100000100011
00000001011101010101100100010011
00000000100100010010101000100011
00000001001100010010011000100011
00000001010000010010010000100011
00000000100101010001010010010011
00000000000100010010111000100011
00000000100000010010110000100011
00000001010100010010001000100011
00001111111110010111100100010011
00000000000001011000101000010011
00000000100101001101010010010011
00000001111101010101100110010011
00001000000010010000011001100011
00001111111100000000011110010011
00001010111110010000001001100011
00000000001101001001010010010011
00000100000000000000011110110111
00000000111101001110010010110011
11111000000110010000100100010011
00000000000000000000101010010011
00000001011110100101010100010011
00000000100110100001010000010011
00001111111101010111010100010011
00000000100101000101010000010011
00000001111110100101101000010011
00001000000001010000110001100011
00001111111100000000011110010011
00001010111101010000100001100011
00000000001101000001010000010011
00000100000000000000011110110111
00000000111101000110010000110011
11111000000101010000010100010011
00000000000000000000011110010011
00000000001010101001011100010011
00000000111101110110011100110011
00000000101010010000010100110011
11111111111101110000011100010011
00000000111000000000010110010011
00000001010010011100011010110011
00000000000101010000011000010011
00001000111001011110111001100011
00000000000000001101010110110111
00000000001001110001011100010011
10100100110001011000010110010011
00000000101101110000011100110011
00000000000001110010011100000011
00000000000001110000000001100111
00000010000001001000101001100011
00000000000001001000010100010011
01011100010000000000000011101111
11111111101101010000011110010011
11111000101000000000100100010011
00000000111101001001010010110011
01000000101010010000100100110011
11110111010111111111000001101111
00001111111100000000100100010011
00000000001000000000101010010011
11110110000001001000011011100011
00000000001100000000101010010011
11110110010111111111000001101111
00000000000000000000100100010011
00000000000100000000101010010011
11110101100111111111000001101111
00000010000001000000101001100011
00000000000001000000010100010011
01011000010000000000000011101111
11111111101101010000011110010011
00000000111101000001010000110011
11111000101000000000011110010011
01000000101001111000010100110011
11110110100111111111000001101111
00001111111100000000010100010011
00000000001000000000011110010011
11110110000001000000000011100011
00000000001100000000011110010011
11110101100111111111000001101111
00000000000000000000010100010011
00000000000100000000011110010011
11110100110111111111000001101111
00000000000000010000011110110111
11111111111101111000001100010011
00000001000001001101011100010011
00000001000001000101010110010011
00000000011001001111010010110011
00000000011001000111010000110011
00000010100101000000100010110011
00000010100001110000100000110011
00000010101101110000010000110011
00000010100101011000010110110011
00000001000010001101010010010011
00000001000001011000010110110011
00000000101101001000010010110011
00000001000001001111010001100011
00000000111101000000010000110011
00000000011001001111011110110011
00000001000001111001011110010011
00000000011010001111100010110011
00000001000101111000011110110011
00000000011001111001011100010011
00000001000001001101010010010011
00000000111000000011011100110011
00000001101001111101011110010011
00000000100001001000010000110011
00000000111101110110011110110011
00000000011001000001010000010011
00000000111101000110010000110011
00001000000000000000011110110111
00000000111101000111011110110011
00001000000001111000111001100011
00000000000101000101011110010011
00000000000101000111010000010011
00000000100001111110010000110011
00000111111101100000011100010011
00001000111000000101100001100011
00000000011101000111011110010011
00000000000001111000101001100011
00000000111101000111011110010011
00000000010000000000010110010011
00000000101101111000010001100011
00000000010001000000010000010011
00001000000000000000011110110111
00000000111101000111011110110011
00000000000001111000101001100011
11111000000000000000011110110111
11111111111101111000011110010011
00000000111101000111010000110011
00001000000001100000011100010011
00001111111000000000011110010011
00000000001101000101010000010011
00001010111001111101101001100011
00000000000000000000010000010011
00001111111100000000011100010011
00001010100000000000000001101111
00000000000010011000011010010011
00000000000001001000010000010011
00000000000010101000011110010011
00000000001000000000011100010011
11111110111001111000001011100011
00000000001100000000011100010011
00001000111001111000000001100011
00000000000100000000011100010011
11111000111001111001011011100011
00000000000000000000010000010011
00000000000000000000011100010011
00000111100000000000000001101111
00000000000010100000011010010011
11111101100111111111000001101111
00000000000001010000011000010011
11110111000111111111000001101111
00000000000100000000011110010011
01000000111001111000011110110011
00000001101100000000011100010011
11111100111101110100110011100011
00001001111001100000011000010011
00000000111101000101011110110011
00000000110001000001010000110011
00000000100000000011010000110011
00000000100001111110010000110011
00000000011101000111011110010011
00000000000001111000101001100011
00000000111101000111011110010011
00000000010000000000011100010011
00000000111001111000010001100011
00000000010001000000010000010011
00000100000000000000011110110111
00000000111101000111011110110011
00000000001101000101010000010011
11111010000001111000000011100011
00000000000000000000010000010011
00000000000100000000011100010011
00000001000000000000000001101111
00000000010000000000010000110111
00001111111100000000011100010011
00000000000000000000011010010011
00000001011101110001011110010011
00000000100101000001010000010011
01111111100000000000011100110111
00000000111001111111011110110011
00000000100101000101010000010011
00000000100001111110010000110011
00000001111101101001010100010011
00000001110000010010000010000011
00000000101001000110010100110011
00000001100000010010010000000011
00000001010000010010010010000011
00000001000000010010100100000011
00000000110000010010100110000011
00000000100000010010101000000011
00000000010000010010101010000011
00000010000000010000000100010011
00000000000000001000000001100111
11111111000000010000000100010011
00000000000100010010011000100011
00000000100000010010010000100011
00000000100100010010001000100011
00001110000001010000011001100011
01000001111101010101011110010011
00000000101001111100010000110011
01000000111101000000010000110011
00000001111101010101010010010011
00000000000001000000010100010011
00110110010000000000000011101111
00001001111000000000011110010011
00000000000001010000011100010011
01000000101001111000010100110011
00001001011000000000011110010011
00000100101001111100000001100011
00000000100000000000011110010011
00000000111001111101011001100011
11111111100001110000011100010011
00000000111001000001010000110011
00000000100101000001010000010011
00000001011101010001010100010011
00000000100101000101010000010011
00000000100001010110010000110011
00000001111101001001010100010011
00000000110000010010000010000011
00000000101001000110010100110011
00000000100000010010010000000011
00000000010000010010010010000011
00000001000000010000000100010011
00000000000000001000000001100111
00001001100100000000011110010011
00000010101001111101000001100011
00000000010100000000011110010011
01000000111001111000011110110011
00000001101101110000011010010011
00000000111101000101011110110011
00000000110101000001010000110011
00000000100000000011010000110011
00000000100001111110010000110011
00000000010100000000011110010011
00000000111001111101011001100011
11111111101101110000011110010011
00000000111101000001010000110011
11111100000000000000011010110111
11111111111101101000011010010011
00000000011101000111011110010011
00000000110101000111011010110011
00000000000001111000101001100011
00000000111101000111010000010011
00000000010000000000011110010011
00000000111101000000010001100011
00000000010001101000011010010011
00000100000000000000011110110111
00000000111101101111011110110011
00000000000001111000110001100011
11111100000000000000011110110111
11111111111101111000011110010011
00000000111101101111011010110011
00001001111100000000011110010011
01000000111001111000010100110011
00000000001101101101010000010011
11110101100111111111000001101111
00000000000000000000010010010011
00000000000000000000010000010011
11110100110111111111000001101111
11111110000000010000000100010011
00000000000100010010111000100011
00000000100000010010110000100011
00000000100100010010101000100011
00000001001000010010100000100011
00000001001100010010011000100011
00000001010000010010010000100011
00000000101101010110011110110011
00010000000001111000011001100011
00000000000001010000010000010011
00000000000001011000100110010011
00000110000001011000000001100011
00000000000001011000010100010011
00100101000000000000000011101111
00000000000001010000010010010011
00001011111000000000100100010011
01000000100110010000100100110011
00001001011000000000011110010011
00000101001001111100100001100011
00000010100000000000011110010011
00000000100101111101011001100011
11111101100001001000010010010011
00000000100101000001010000110011
00000000100101000001010000010011
00000001011110010001010100010011
00000000100101000101010000010011
00000001110000010010000010000011
00000000100001010110010100110011
00000001100000010010010000000011
00000001010000010010010010000011
00000001000000010010100100000011
00000000110000010010100110000011
00000000100000010010101000000011
00000010000000010000000100010011
00000000000000001000000001100111
00011111100000000000000011101111
00000010000001010000010010010011
11111010100111111111000001101111
00001001100100000000011110010011
00000011001001111101101001100011
00000001101101001000011000010011
00000000000001000000010100010011
00000000000010011000010110010011
00011010000000000000000011101111
00000000101101010110010100110011
00000010010100000000011000010011
00000000101000000011101000110011
01000000100101100000011000110011
00000000000001000000010100010011
00000000000010011000010110010011
00010100110000000000000011101111
00000000101010100110010000110011
00000010010100000000011110010011
00000000100101111101011001100011
11111101101101001000011110010011
00000000111101000001010000110011
11111100000000000000010100110111
11111111111101010000010100010011
00000000011101000111011110010011
00000000101001000111010100110011
00000000000001111000101001100011
00000000111101000111010000010011
00000000010000000000011110010011
00000000111101000000010001100011
00000000010001010000010100010011
00000100000000000000011110110111
00000000111101010111011110110011
00000000000001111000110001100011
11111100000000000000011110110111
11111111111101111000011110010011
00001011111100000000100100010011
00000000111101010111010100110011
01000000100110010000100100110011
00000000001101010101010000010011
11110011010111111111000001101111
00000000000000000000010000010011
00000000000000000000100100010011
11110010100111111111000001101111
00000001011101010101011100010011
00001111111101110111011100010011
11111111000000010000000100010011
00000000000101110000011110010011
00000000100000010010010000100011
00000000100100010010001000100011
00000000100101010001010000010011
00000000000100010010011000100011
00001111111001111111011110010011
00000000100101000101010000010011
00000001111101010101010010010011
00000100000001111000001001100011
00000000001101000101011110010011
00111000000001110000011100010011
00000001110101000001010000010011
00000000110001111001011110010011
00000001010001110001011100010011
00000000110001111101011110010011
00000001111101001001010100010011
00000000111101110110011110110011
00000000110000010010000010000011
00000000101001111110011100110011
00000000000001000000010100010011
00000000100000010010010000000011
00000000010000010010010010000011
00000000000001110000010110010011
00000001000000010000000100010011
00000000000000001000000001100111
00000100000001110001011001100011
00000000000000000000011110010011
11111100000001000000001011100011
00000000000001000000010100010011
00001100110000000000000011101111
00000000101000000000011110010011
00000010101001111100001001100011
00000000101100000000011110010011
01000000101001111000011110110011
00000001010101010000011100010011
00000000111101000101011110110011
00000000111001000001010000110011
00111000100100000000011100010011
01000000101001110000011100110011
11111001010111111111000001101111
11111111010101010000011110010011
00000000111101000001011110110011
00000000000000000000010000010011
11111110100111111111000001101111
00000000000000000000011110010011
00000000000001000000101001100011
00000000001101000101011110010011
00000000000010000000011100110111
00000001110101000001010000010011
00000000111001111110011110110011
01111111111100000000011100010011
11110110010111111111000001101111
00000010000001100000000001100011
00000010000000000000011110010011
01000000110001111000011110110011
00000000111100000100110001100011
11111110000001100000010100010011
00000000000000000000011100010011
00000000101001011101010100110011
00000000000001110000010110010011
00000000000000001000000001100111
00000000110001011101011100110011
00000000110001010101010100110011
00000000111101011001010110110011
00000000101101010110010100110011
11111110100111111111000001101111
00000010000001100000000001100011
00000010000000000000011110010011
01000000110001111000011110110011
00000000111100000100110001100011
11111110000001100000010110010011
00000000000000000000011100010011
00000000101101010001010110110011
00000000000001110000010100010011
00000000000000001000000001100111
00000000110001010001011100110011
00000000110001011001010110110011
00000000111101010101010100110011
00000000101001011110010110110011
11111110100111111111000001101111
00000000000000010000011110110111
00000010111101010111101001100011
00001111111100000000011110010011
00000000101001111011011110110011
00000000001101111001011110010011
00000000000000001101011100110111
00000010000000000000011010010011
01000000111101101000011010110011
00000000111101010101010100110011
10101000100001110000011110010011
00000000101001111000010100110011
00000000000001010100010100000011
01000000101001101000010100110011
00000000000000001000000001100111
00000001000000000000011100110111
00000001000000000000011110010011
11111100111001010110101011100011
00000001100000000000011110010011
11111100110111111111000001101111
00000000000001010000100000010011
01001000000001010000011001100011
01000000101000000000100010110011
00000000001001010001011100010011
00000000111001011000011100110011
00000000001010001001001100010011
00000000000000000000010110010011
00000000000000000000010100010011
00000000000000000000111110010011
00000000000000000000111010010011
00000000001110001001100010010011
00000000111000110000011010110011
01000000110101110000011110110011
11111111110001111000001010010011
00000000001000101101001110010011
00000000000100111000111000010011
00000000011111100111011110010011
00000000000001101000111000010011
00101000000001111000101001100011
00000000000100000000111100010011
00010011111001111000101001100011
00000000001000000000001010010011
00010000010101111000000001100011
00000000001100000000001110010011
00001100011101111000011001100011
00000000010000000000111100010011
00001001111001111000110001100011
00000000010100000000001010010011
00000110010101111000001001100011
00000000011000000000001110010011
00000010011101111000100001100011
00000000000011111000111000010011
00000000000001101010111110000011
00000001000001010001010100010011
00000001000001010101111100010011
00000001111111101000111010110011
00111111110101100100011001100011
00000001111111100010011110110011
00000000111111110000001010110011
00000001000000101001001110010011
01000001000000111101010100010011
00000000010001101000111000010011
00000000000011111000111100010011
00000000000011100010111110000011
00000001000001010001010100010011
00000001000001010101001010010011
00000001111111101000111010110011
00111011110101100100011001100011
00000001111111110010011110110011
00000000111100101000001110110011
00000001000000111001111100010011
01000001000011110101010100010011
00000000010011100000111000010011
00000000000011111000001010010011
00000000000011100010111110000011
00000001000001010001011110010011
00000001000001111101001110010011
00000001111111101000111010110011
00110111110101100100011001100011
00000001111100101010111100110011
00000001111000111000010100110011
00000001000001010001001010010011
01000001000000101101010100010011
00000000010011100000111000010011
00000000000011111000001110010011
00000000000011100010111110000011
00000001000001010001111100010011
00000001000011110101010100010011
00000001111111101000111010110011
00110011110101100100011001100011
00000001111100111010001010110011
00000000010101010000011110110011
00000001000001111001001110010011
01000001000000111101010100010011
00000000010011100000111000010011
00000000000011111000001010010011
00000000000011100010111110000011
00000001000001010001010100010011
00000001000001010101001110010011
00000001111111101000111010110011
00101111110101100100011001100011
00000001111100101010011110110011
00000000111100111000111100110011
00000001000011110001001010010011
01000001000000101101010100010011
00000000010011100000111000010011
00000000000011111000001110010011
00000000000011100010111110000011
00000001000001010001011110010011
00000001000001111101111100010011
00000001111111101000111010110011
00101011110101100100011001100011
00000001111100111010001010110011
00000000010111110000010100110011
00000001000001010001001110010011
01000001000000111101010100010011
00000000010011100000111000010011
00000000000011111000111100010011
00000000000011100010111110000011
00000001000001010001001010010011
00000001000000101101010100010011
00000001111111101000111010110011
00100111110101100100011001100011
00000001111111110010001110110011
00000000011101010000011110110011
00000001000001111001111100010011
01000001000011110101010100010011
00000000010011100000111000010011
00010011110001110001011001100011
00000000000101011000010110010011
01000001000101101000011100110011
11100110101110000001100011100011
00000000000000001000000001100111
00000000010011100010111110000011
00000000101011110000010100010011
00000001000001010001111010010011
01000001000011101101111100010011
00000000000000000000111010010011
00000001000011110001011110010011
00000001111111101000111010110011
00000000010011100000111000010011
00000001000001111101001010010011
00010011110101100101100001100011
00000000101000101000111010010011
00000000010011100010001110000011
00000001000011101001011110010011
01000001000001111101001010010011
00000000000000000000111010010011
00000001000000101001111100010011
00000000011111101000111010110011
00000001000011110101011110010011
00010011110101100100100001100011
00000000011111111010111110110011
00000001111101111000010100110011
00000000100011100010111110000011
00000001000001010001001010010011
01000001000000101101011110010011
00000001000001111001010100010011
00000001111111101000111010110011
00000001000001010101001010010011
00010011110101100100100001100011
00000001111100111010001110110011
00000000011100101000111100110011
00000000110011100010001110000011
00000001000011110001011110010011
01000001000001111101001010010011
00000001000000101001111100010011
00000000011111101000111010110011
00000001000011110101011110010011
00010011110101100100100001100011
00000000011111111010111110110011
00000001111101111000010100110011
00000001000011100010111110000011
00000001000001010001001010010011
01000001000000101101011110010011
00000001000001111001010100010011
00000001111111101000111010110011
00000001000001010101001010010011
00010011110101100100100001100011
00000001111100111010001110110011
00000000011100101000111100110011
00000001010011100010001110000011
00000001000011110001011110010011
01000001000001111101001010010011
00000001000000101001111100010011
00000000011111101000111010110011
00000001000011110101011110010011
00010011110101100100100001100011
00000000011111111010111110110011
00000001111101111000010100110011
00000001100011100010111110000011
00000001000001010001001010010011
01000001000000101101011110010011
00000001000001111001010100010011
00000001111111101000111010110011
00000001000001010101001010010011
00010011110101100100100001100011
00000001111100111010001110110011
00000000011100101000111100110011
00000001000011110001011110010011
01000001000001111101010100010011
00000001110011100000111000010011
11101101110001110000111011100011
00000000000011100010001110000011
00000001000001010001010100010011
00000001000001010101111100010011
00000000011111101000111010110011
11101101110101100100110011100011
00000000011111111010111110110011
00000001111111110000011110110011
00000000010011100010111110000011
00000001000001111001001010010011
01000001000000101101111100010011
00000001000011110001011110010011
00000001111111101000111010110011
00000000010011100000111000010011
00000001000001111101001010010011
11101101110101100100110011100011
00000001111100111010001110110011
00000000011100101000111100110011
00000000010011100010001110000011
00000001000011110001010100010011
01000001000001010101001010010011
00000001000000101001111100010011
00000000011111101000111010110011
00000001000011110101011110010011
11101101110101100101110011100011
00000000101001111000111010010011
00000000100011100010111110000011
00000001000011101001111100010011
01000001000011110101011110010011
00000000000000000000111010010011
00000001000001111001010100010011
00000001111111101000111010110011
00000001000001010101001010010011
11101101110101100101110011100011
00000000101000101000111010010011
00000000110011100010001110000011
00000001000011101001010100010011
01000001000001010101001010010011
00000000000000000000111010010011
00000001000000101001111100010011
00000000011111101000111010110011
00000001000011110101011110010011
11101101110101100101110011100011
00000000101001111000111010010011
00000001000011100010111110000011
00000001000011101001111100010011
01000001000011110101011110010011
00000000000000000000111010010011
00000001000001111001010100010011
00000001111111101000111010110011
00000001000001010101001010010011
11101101110101100101110011100011
00000000101000101000111010010011
00000001010011100010001110000011
00000001000011101001010100010011
01000001000001010101001010010011
00000000000000000000111010010011
00000001000000101001111100010011
00000000011111101000111010110011
00000001000011110101011110010011
11101101110101100101110011100011
00000000101001111000111010010011
00000001100011100010111110000011
00000001000011101001111100010011
01000001000011110101011110010011
00000000000000000000111010010011
00000001000001111001010100010011
00000001111111101000111010110011
00000001000001010101001010010011
11101101110101100101110011100011
00000000101000101000111010010011
00000001000011101001010100010011
01000001000001010101010100010011
00000000000000000000111010010011
11101101010111111111000001101111
00000000101001010000111010010011
00000001000011101001001010010011
01000001000000101101010100010011
00000000000000000000111010010011
11011001100111111111000001101111
00000000101011110000111010010011
00000001000011101001011110010011
01000001000001111101010100010011
00000000000000000000111010010011
11010101100111111111000001101111
00000000101000111000111010010011
00000001000011101001010100010011
01000001000001010101010100010011
00000000000000000000111010010011
11010001100111111111000001101111
00000000101001010000111010010011
00000001000011101001111100010011
01000001000011110101010100010011
00000000000000000000111010010011
11001101100111111111000001101111
00000000101000111000111010010011
00000001000011101001011110010011
01000001000001111101010100010011
00000000000000000000111010010011
11001001100111111111000001101111
00000000101000101000111010010011
00000001000011101001010100010011
01000001000001010101010100010011
00000000000000000000111010010011
11000101100111111111000001101111
00000000101011110000111010010011
00000001000011101001111000010011
01000001000011100101010100010011
00000000000000000000111010010011
11000001100111111111000001101111
00000000000000000000010100010011
00000000000000001000000001100111
00011010000001010000100001100011
11111111000000010000000100010011
01000000101000000000001110110011
00000000000101010001100000010011
00000000100000010010011000100011
00000000100100010010010000100011
00000000000100111001010000010011
00000001001000010010001000100011
00000001001100010010000000100011
00000001000001100000100000110011
00000000000000000000111110010011
00000000000000000000001010010011
00000000001000111001001110010011
00000000100010000000100010110011
01000001000110000000011000110011
11111111111001100000001100010011
00000000000100110101010010010011
00000000000101001000011100010011
00000000001011111001011110010011
00000000011101110111100100010011
00000000111101011000011110110011
00000000000010001000011100010011
00001100000010010000001001100011
00000000000100000000100110010011
00001011001110010000001001100011
00000000001000000000111000010011
00001001110010010000010001100011
00000000001100000000111010010011
00000111110110010000011001100011
00000000010000000000111100010011
00000101111010010000100001100011
00000000010100000000011000010011
00000010110010010000101001100011
00000000011000000000001100010011
00000000011010010000110001100011
00000000000010001001010010000011
00000000001010001000011100010011
00000000010001111000011110010011
00000010110101001000100100110011
11111111001001111010111000100011
00000000000001110001100110000011
00000000010001111000011110010011
00000000001001110000011100010011
00000010110110011000111000110011
11111111110001111010111000100011
00000000000001110001111010000011
00000000010001111000011110010011
00000000001001110000011100010011
00000010110111101000111100110011
11111111111001111010111000100011
00000000000001110001011000000011
00000000010001111000011110010011
00000000001001110000011100010011
00000010110101100000001100110011
11111110011001111010111000100011
00000000000001110001010010000011
00000000010001111000011110010011
00000000001001110000011100010011
00000010110101001000100100110011
11111111001001111010111000100011
00000000000001110001100110000011
00000000010001111000011110010011
00000000001001110000011100010011
00000010110110011000111000110011
11111111110001111010111000100011
00000000000001110001111010000011
00000000010001111000011110010011
00000000001001110000011100010011
00000010110111101000111100110011
11111111111001111010111000100011
00000110111010000000100001100011
00000000000001110001100110000011
00000000001001110001100100000011
00000000010001110001010010000011
00000000011001110001111100000011
00000000100001110001111010000011
00000000101001110001111000000011
00000000110001110001001100000011
00000000111001110001011000000011
00000010110110011000100110110011
00000001000001110000011100010011
00000010000001111000011110010011
00000010110110010000100100110011
11111111001101111010000000100011
00000010110101001000010010110011
11111111001001111010001000100011
00000010110111110000111100110011
11111110100101111010010000100011
00000010110111101000111010110011
11111111111001111010011000100011
00000010110111100000111000110011
11111111110101111010100000100011
00000010110100110000001100110011
11111111110001111010101000100011
00000010110101100000011000110011
11111110011001111010110000100011
11111110110001111010111000100011
11111000111010000001110011100011
00000000000100101000001010010011
00000000101011111000111110110011
01000000011110001000100000110011
11101010010101010001000011100011
00000000110000010010010000000011
00000000100000010010010010000011
00000000010000010010100100000011
00000000000000010010100110000011
00000001000000010000000100010011
00000000000000001000000001100111
00000000000000001000000001100111
00100010000001010000111001100011
01000000101000000000001010110011
00000001000001100001011010010011
00000000000101010001011110010011
00000000000100101001001110010011
00000001000001101101011010010011
00000000111101011000011000110011
00000000000000000000111110010011
00000000001000101001001010010011
00000000110000111000010110110011
01000000101101100000011100110011
11111111111001110000001100010011
00000000000100110101100000010011
00000000000110000000100010010011
00000000011110001111111000010011
00000000000001011000011110010011
00001010000011100000010001100011
00000000000100000000111010010011
00001001110111100000011001100011
00000000001000000000111100010011
00000111111011100000101001100011
00000000001100000000011100010011
00000100111011100000111001100011
00000000010000000000001100010011
00000100011011100000001001100011
00000000010100000000100000010011
00000011000011100000011001100011
00000000011000000000100010010011
00000001000111100000101001100011
00000000000001011101111000000011
00000000001001011000011110010011
00000001110001101000111010110011
00000001110101011001000000100011
00000000000001111101111100000011
00000000001001111000011110010011
00000001111001101000011100110011
11111110111001111001111100100011
00000000000001111101001100000011
00000000001001111000011110010011
00000000011001101000100000110011
11111111000001111001111100100011
00000000000001111101100010000011
00000000001001111000011110010011
00000001000101101000111000110011
11111111110001111001111100100011
00000000000001111101111010000011
00000000001001111000011110010011
00000001110101101000111100110011
11111111111001111001111100100011
00000000000001111101011100000011
00000000001001111000011110010011
00000000111001101000001100110011
11111110011001111001111100100011
00000000000001111101100000000011
00000000001001111000011110010011
00000001000001101000100010110011
11111111000101111001111100100011
00010100111101100000011001100011
11111111000000010000000100010011
00000000100000010010011000100011
00000000000001111101010000000011
00000000001001111101111100000011
00000000010001111101111010000011
00000000011001111101111000000011
00000000100001111101001100000011
00000000101001111101100010000011
00000000110001111101100000000011
00000000111001111101011100000011
00000000100001101000010000110011
00000001111001101000111100110011
00000001110101101000111010110011
00000001110001101000111000110011
00000000011001101000001100110011
00000001000101101000100010110011
00000001000001101000100000110011
00000000111001101000011100110011
00000000100001111001000000100011
00000001111001111001000100100011
00000001110101111001001000100011
00000001110001111001001100100011
00000000011001111001010000100011
00000001000101111001010100100011
00000001000001111001011000100011
00000000111001111001011100100011
00000001000001111000011110010011
11111000111101100001111011100011
00000000000111111000111110010011
01000000010101011000011000110011
00001101111101010000001001100011
00000000110000111000010110110011
01000000101101100000011110110011
11111111111001111000010000010011
00000000000101000101111100010011
00000000000111110000111010010011
00000000011111101111111000010011
00000000000001011000011110010011
11110110000011100000100011100011
00000000000100000000001100010011
00000110011011100000111001100011
00000000001000000000100010010011
00000111000111100000001001100011
00000000001100000000100000010011
00000101000011100000011001100011
00000000010000000000011100010011
00000010111011100000101001100011
00000000010100000000010000010011
00000000100011100000111001100011
00000000011000000000111100010011
00001001111011100001100001100011
00000000000001111101001100000011
00000000001001111000011110010011
00000000011001101000100010110011
11111111000101111001111100100011
00000000000001111101100000000011
00000000001001111000011110010011
00000001000001101000011100110011
11111110111001111001111100100011
00000000000001111101010000000011
00000000001001111000011110010011
00000000100001101000111100110011
11111111111001111001111100100011
00000000000001111101111010000011
00000000001001111000011110010011
00000001110101101000111000110011
11111111110001111001111100100011
00000000000001111101001100000011
00000000001001111000011110010011
00000000011001101000100010110011
11111111000101111001111100100011
00000000000001111101100000000011
00000000001001111000011110010011
00000001000001101000011100110011
11111110111001111001111100100011
11101100111101100001111011100011
00000000000111111000111110010011
01000000010101011000011000110011
11110101111101010001001011100011
00000000110000010010010000000011
00000001000000010000000100010011
00000000000000001000000001100111
00000000000111111000111110010011
01000000010101011000011000110011
11011111111101010001011011100011
00000000000000001000000001100111
00000000000001011101111010000011
00000000001001011000011110010011
00000001110101101000111000110011
00000001110001011001000000100011
11110110010111111111000001101111
00100010000001010000110001100011
11111101000000010000000100010011
00000010100100010010001000100011
00000000000001010000010010010011
00000001001100010010111000100011
00000000001001001001100110010011
00000011001000010010000000100011
00000000000001011000010100010011
00000000000001100000100100010011
00000000000000000000010110010011
00000000000010011000011000010011
00000010100000010010010000100011
00000010000100010010011000100011
00000000000001101000010000010011
00000001010000010010110000100011
00000001010100010010101000100011
00000001011000010010100000100011
00000001011100010010011000100011
00000001100000010010010000100011
00000001100100010010001000100011
11110010000111111100000011101111
00000000000101001001011010010011
00000000000001010000010110010011
00000000110101000000011010110011
00000001001101010000010100110011
00000000000000000000011000010011
01000000100001101000001100110011
11111111111000110000000010010011
00000000000100001101001010010011
00000000000100101000001110010011
00000000000101100001011110010011
00000000011100111111100010010011
00000000111110010000011110110011
00000000000001000000011100010011
00000000000000000000111000010011
00001100000010001000111001100011
00000000000100000000100000010011
00001011000010001000110001100011
00000000001000000000101000010011
00001001010010001000110001100011
00000000001100000000101010010011
00000111010110001000110001100011
00000000010000000000101100010011
00000101011010001000110001100011
00000000010100000000101110010011
00000011011110001000110001100011
00000000011000000000110000010011
00000001100010001000110001100011
00000000000001111001110010000011
00000000000001000001111000000011
00000000001001111000011110010011
00000000001001000000011100010011
00000011110011001000111000110011
00000000000001111001111010000011
00000000000001110001111100000011
00000000001001111000011110010011
00000000001001110000011100010011
00000011111011101000111110110011
00000001111111100000111000110011
00000000000001111001100110000011
00000000000001110001001100000011
00000000001001111000011110010011
00000000001001110000011100010011
00000010011010011000000010110011
00000000000111100000111000110011
00000000000001111001001010000011
00000000000001110001001110000011
00000000001001111000011110010011
00000000001001110000011100010011
00000010011100101000100010110011
00000001000111100000111000110011
00000000000001111001100000000011
00000000000001110001101000000011
00000000001001111000011110010011
00000000001001110000011100010011
00000011010010000000101010110011
00000001010111100000111000110011
00000000000001111001101100000011
00000000000001110001101110000011
00000000001001111000011110010011
00000000001001110000011100010011
00000011011110110000110000110011
00000001100011100000111000110011
00000000000001111001110010000011
00000000000001110001111010000011
00000000001001110000011100010011
00000000001001111000011110010011
00000011110111001000111100110011
00000001111011100000111000110011
00001000111001101000100001100011
00000000000001111001111110000011
00000000000001110001100110000011
00000000001001111001000010000011
00000000001001110001101010000011
00000011001111111000100010110011
00000000010001111001100000000011
00000000010001110001110000000011
00000000011001111001001010000011
00000000011001110001101110000011
00000000100001111001110010000011
00000000100001110001101100000011
00000000101001111001111100000011
00000000101001110001101000000011
00000000110001111001111010000011
00000011010100001000111110110011
00000000110001110001100110000011
00000000111001111001001100000011
00000000111001110001001110000011
00000001000111100000111000110011
00000001000001110000011100010011
00000001000001111000011110010011
00000011100010000000000010110011
00000001111111100000101010110011
00000011011100101000110000110011
00000000000110101000100000110011
00000011011011001000001010110011
00000001100010000000101110110011
00000011010011110000100010110011
00000000010110111000110010110011
00000011001111101000101100110011
00000001000111001000111100110011
00000010011100110000101000110011
00000001011011110000111010110011
00000001010011101000111000110011
11110110111001101001110011100011
00000001110001011010000000100011
00000000010001011000010110010011
00000000100101100000011000110011
11100110101101010001010011100011
00000010110000010010000010000011
00000010100000010010010000000011
00000010010000010010010010000011
00000010000000010010100100000011
00000001110000010010100110000011
00000001100000010010101000000011
00000001010000010010101010000011
00000001000000010010101100000011
00000000110000010010101110000011
00000000100000010010110000000011
00000000010000010010110010000011
00000011000000010000000100010011
00000000000000001000000001100111
00000000000000001000000001100111
11111011000000010000000100010011
00000100000100010010011000100011
00000100100000010010010000100011
00000100100100010010001000100011
00000101001000010010000000100011
00000011001100010010111000100011
00000011010000010010110000100011
00000011010100010010101000100011
00000011011000010010100000100011
00000011011100010010011000100011
00000011100000010010010000100011
00000011100100010010001000100011
00000011101000010010000000100011
00000001101100010010111000100011
00000000101100010010010000100011
00000000110100010010011000100011
00100010000001010000000001100011
00000000000101010001010000010011
00000000000001010000101010010011
00000000000001100000100110010011
00000000100001100000100100110011
00000000001001010001010010010011
00000000000000000000101100010011
00000000000000000000101110010011
00000000100000010010011110000011
00000000001010110001111100010011
00000000000001001000011000010011
00000001111001111000010100110011
00000000000000000000010110010011
11001100000111111100000011101111
00000000110000010010011000000011
00000000000001010000111100010011
00000000000000000000111110010011
01000001001110010000011100110011
11111111111001110000000010010011
00000000000100001101001010010011
00000000000100101000001100010011
00000000011100110111001110010011
00000000000001100000010110010011
00000000000010011000011010010011
00000000000000000000011110010011
00001100000000111000111001100011
00000000000100000000100000010011
00001011000000111000110001100011
00000000001000000000100010010011
00001001000100111000110001100011
00000000001100000000101000010011
00000111010000111000110001100011
00000000010000000000110000010011
00000101100000111000110001100011
00000000010100000000110010010011
00000011100100111000110001100011
00000000011000000000110100010011
00000001101000111000110001100011
00000000000010011001110110000011
00000000000001100001111000000011
00000000001010011000011010010011
00000000100001100000010110110011
00000011110011011000011110110011
00000000000001101001111010000011
00000000000001011001010100000011
00000000001001101000011010010011
00000000100001011000010110110011
00000010101011101000011100110011
00000000111001111000011110110011
00000000000001101001000010000011
00000000000001011001001010000011
00000000001001101000011010010011
00000000100001011000010110110011
00000010010100001000001100110011
00000000011001111000011110110011
00000000000001101001001110000011
00000000000001011001100000000011
00000000001001101000011010010011
00000000100001011000010110110011
00000011000000111000100010110011
00000001000101111000011110110011
00000000000001101001101000000011
00000000000001011001110000000011
00000000001001101000011010010011
00000000100001011000010110110011
00000011100010100000110010110011
00000001100101111000011110110011
00000000000001101001110100000011
00000000000001011001110110000011
00000000001001101000011010010011
00000000100001011000010110110011
00000011101111010000111000110011
00000001110001111000011110110011
00000000000001101001111010000011
00000000000001011001010100000011
00000000001001101000011010010011
00000000100001011000010110110011
00000010101011101000011100110011
00000000111001111000011110110011
00001010110110010000011001100011
00000000000001101001001100000011
00000000000001011001001110000011
00000000100001011000000010110011
00000000100000001000001010110011
00000010011100110000011100110011
00000000000000001001111000000011
00000000001001101001110100000011
00000000100000101000100000110011
00000000000000101001110110000011
00000000010001101001101000000011
00000000100010000000100010110011
00000000000010000001110010000011
00000000011001101001000010000011
00000000100010001000111010110011
00000011110011010000110100110011
00000000100001101001001100000011
00000000000010001001110000000011
00000000101001101001001010000011
00000000000011101001001110000011
00000000100011101000010100110011
00000000110001101001100000000011
00000000100001010000010110110011
00000000000001010001111010000011
00000000111001111000011110110011
00000011101110100000101000110011
00000000111001101001010100000011
00000000000001011001111000000011
00000001101001111000110110110011
00000001000001101000011010010011
00000000100001011000010110110011
00000011100100001000000010110011
00000001010011011000100010110011
00000011100000110000011100110011
00000000000110001000110010110011
00000010011100101000001100110011
00000000111011001000110000110011
00000011110110000000001010110011
00000000011011000000001110110011
00000011110001010000100000110011
00000000010100111000110100110011
00000001000011010000011110110011
11110100110110010001111011100011
00000000111111110010000000100011
00000000000111111000011010010011
00000000010011110000111100010011
00000000001001100000011000010011
00000000110110101000011001100011
00000000000001101000111110010011
11100100010111111111000001101111
00000000000110111000111100010011
00000000100010011000100110110011
00000001010110110000101100110011
00000000100010010000100100110011
00000001111110111000011001100011
00000000000011110000101110010011
11100000010111111111000001101111
00000100110000010010000010000011
00000100100000010010010000000011
00000100010000010010010010000011
00000100000000010010100100000011
00000011110000010010100110000011
00000011100000010010101000000011
00000011010000010010101010000011
00000011000000010010101100000011
00000010110000010010101110000011
00000010100000010010110000000011
00000010010000010010110010000011
00000010000000010010110100000011
00000001110000010010110110000011
00000101000000010000000100010011
00000000000000001000000001100111
00100010000001010000111001100011
11111101000000010000000100010011
00000001001100010010111000100011
00000000000101010001100110010011
00000010100000010010010000100011
00000010100100010010001000100011
00000011001000010010000000100011
00000001010000010010110000100011
00000001010100010010101000100011
00000001011000010010100000100011
00000001011100010010011000100011
00000001100000010010010000100011
00000010000100010010011000100011
00000000000001010000101100010011
00000000000001011000010000010011
00000000000001101000010010010011
00000000000001100000101010010011
00000001001101100000101000110011
00000000001001010001100100010011
00000000000000000000101110010011
00000000000000000000110000010011
00000000001010111001100000010011
00000001000001000000010100110011
00000000000010010000011000010011
00000000000000000000010110010011
10100011010111111100000011101111
00000000000001010000001110010011
00000000000001001000100010010011
00000000000000000000001100010011
01000001010110100000011110110011
11111111111001111000000010010011
00000000000100001101001010010011
00000000000100101000010110010011
00000000001101011111011000010011
00000000000010001000010100010011
00000000000010101000011010010011
00000000000000000000111010010011
00001000000001100000110001100011
00000000000100000000011100010011
00000110111001100000000001100011
00000000001000000000111000010011
00000011110001100000011001100011
00000000000010101001111010000011
00000000000010001001111100000011
00000000001010101000011010010011
00000001001110001000010100110011
00000011111011101000111110110011
01000000001011111101100000010011
01000000010111111101000010010011
00000000111110000111011110010011
00000111111100001111001010010011
00000010010101111000111010110011
00000000000001101001010110000011
00000000000001010001011000000011
00000000001001101000011010010011
00000001001101010000010100110011
00000010110001011000111000110011
01000000001011100101011100010011
01000000010111100101111100010011
00000000111101110111111110010011
00000111111111110111100000010011
00000011000011111000000010110011
00000000000111101000111010110011
00000000000001101001011110000011
00000000000001010001001010000011
00000000001001101000011010010011
00000001001101010000010100110011
00000010010101111000010110110011
01000000001001011101011000010011
01000000010101011101111000010011
00000000111101100111011100010011
00000111111111100111111100010011
00000011111001110000111110110011
00000001111111101000111010110011
00001010110110100000011001100011
00000001001101010000100000110011
00000000000001101001000010000011
00000000000001010001001010000011
00000001001110000000011110110011
00000000001001101001111000000011
00000000000010000001011100000011
00000000000001111001111110000011
00000001001101111000010100110011
00000000010001101001011000000011
00000010010100001000111100110011
00000000000001010001100000000011
00000000011001101001010110000011
00000000100001101000011010010011
00000001001101010000010100110011
00000010111011100000000010110011
01000000001011110101001010010011
01000000010111110101111000010011
00000000111100101111011100010011
00000111111111100111011110010011
00000011111101100000011000110011
01000000010100001101111100010011
01000000001000001101111110010011
00000111111111110111001010010011
00000000111111111111000010010011
00000011000001011000010110110011
01000000010101100101111000010011
01000000001001100101100000010011
00000000111110000111111110010011
00000111111111100111011000010011
00000010111101110000011110110011
01000000010101011101111100010011
01000000001001011101011100010011
00000000111101110111100000010011
00000111111111110111010110010011
00000010010100001000000010110011
00000000111111101000111010110011
00000010110011111000001010110011
00000000000111101000111000110011
00000010101110000000111110110011
00000000010111100000011000110011
00000001111101100000111010110011
11110100110110100001111011100011
00000001110100111010000000100011
00000000000100110000011010010011
00000000010000111000001110010011
00000000001010001000100010010011
00000000110110110000011001100011
00000000000001101000001100010011
11101000100111111111000001101111
00000000000111000000001110010011
00000001001110101000101010110011
00000001011010111000101110110011
00000001001110100000101000110011
00000000011011000000011001100011
00000000000000111000110000010011
11100100110111111111000001101111
00000010110000010010000010000011
00000010100000010010010000000011
00000010010000010010010010000011
00000010000000010010100100000011
00000001110000010010100110000011
00000001100000010010101000000011
00000001010000010010101010000011
00000001000000010010101100000011
00000000110000010010101110000011
00000000100000010010110000000011
00000011000000010000000100010011
00000000000000001000000001100111
00000000000000001000000001100111
11110111000000010000000100010011
00000000100000010000011000010011
00000000010000010000010110010011
00000100111000010000010100010011
00001000000100010010011000100011
00001000100000010010010000100011
00001000100100010010001000100011
00001001001000010010000000100011
00000111001100010010111000100011
00000111010000010010110000100011
00000111010100010010101000100011
00000111011000010010100000100011
00000111011100010010011000100011
00000111100000010010010000100011
00000111100100010010001000100011
00000111101000010010000000100011
00000101101100010010111000100011
00000000000000010010001000100011
10100110000011111001000011101111
00000000000100000000010100010011
10001001110011111100000011101111
00000000000001010000011110010011
00000000001000000000010100010011
00000000111100010001011000100011
10001000110011111100000011101111
00000000000001010000001010010011
00000000001100000000010100010011
00000000010100010001011100100011
10000111110011111100000011101111
00000000000001010000001100010011
00000000010000000000010100010011
00000000011000010001100000100011
10000110110011111100000011101111
00000000000001010000001110010011
00000000010100000000010100010011
00000010011100010010010000100011
10000101110011111100000011101111
01011100000001010000000001100011
00000000000001010000001010010011
00000010101000010010011000100011
00000000110000010010011100000011
01011000000001110001100001100011
00000001000000010001010100000011
00000000000001010001011001100011
00000110011000000000010110010011
00000000101100010001100000100011
00000000001000101111111010010011
00000000000100101111100100010011
00000001110100000011011000110011
00000000010000101111100010010011
00000000110010010000100110110011
00000001000100000011100000110011
00000001000010011000101000110011
01111101000000000000101010010011
00000011010010101101010100110011
00000000000000001101101100110111
00010101100010110000101110010011
00000001011100010010101000100011
00000100000000010001011000100011
00000000000010010000110000010011
00000010101000010010001000100011
01011000000010010001101001100011
01010110000011101001111001100011
01010110000010001001001001100011
00100010000011000001000001100011
00100010000011101001110001100011
00000000010000101111001100010011
00000000000000110000101001100011
00000010000000010010011000000011
00000000110000010001010110000011
00000010010000010010010100000011
10000011110011111100000011101111
00000010100000010010001110000011
00000100000000111001101001100011
00000000000100000000111000010011
00000000100000000000000001101111
00000010100000010010111000000011
00000000001011100001011010010011
00000001110001101000011100110011
00000000000101110001000010010011
00000010000100010010010000100011
10000010000011111001000011101111
00000000110000010000010100010011
11010110000111111011000011101111
10000011110011111001000011101111
10000110000011111001000011101111
10001000100011111001000011101111
11111100000001010000101011100011
00000000101000000000010000010011
00000010101001000101010010110011
00000010100000010010010110000011
00000000000101001000010100010011
00000010101001011000100100110011
00000011001000010010010000100011
11111110110111111000000011101111
00000000110000010000010100010011
11010010110111111011000011101111
10000000100011111001000011101111
10000010110011111001000011101111
00000000000001010000100110010011
00000000110000010001010100000011
00000000000001011000101000010011
00000000000000000000010110010011
01101001010100000000000011101111
00000000000001010000010110010011
00000000111000010001010100000011
01101000100100000000000011101111
00000000000001010000010110010011
00000001000000010001010100000011
01100111110100000000000011101111
00000000000001010000010110010011
00000010010000010001010100000011
01100111000100000000000011101111
00000000000000001000011000110111
10110000010101100000100010010011
00000000000001010000100100010011
01010101000101010000010001100011
01000010101010001110101001100011
00000000000000000010110110110111
10001111001011011000111000010011
01010101110001010000011001100011
00000000000000000101111110110111
11101010111111111000011110010011
01010100111101010001101001100011
00000000000000001101001010110111
11000011010000101000010100010011
10101001100011111001000011101111
00000000001000000000111100010011
00000000000000001101110010110111
00010011010011001010001100000011
00000000000000000000110110010011
00000000000000000000110000010011
00010110000000110000110001100011
00000000000000001101001110110111
00000000000111110001011010010011
10010101100000111000011100010011
00000000110101110000110100110011
00000000000000001101101110110111
00000000000000001101101100110111
00000000000000001101101010110111
00000011100000000000000001101111
00000101000000010000010000010011
00000000111001000000000010110011
11111111110000001101100000000011
00000000000111000000110000010011
00010011010011001010111000000011
00000001101110000000110110110011
00000001000011000001111010010011
00000001000011011001111100010011
00000001000011011001111110010011
00000001000011101101110000010011
00000001000011110101010000010011
01000001000011111101110110010011
00010011110011000111010001100011
00000000010011000001010000010011
00000001100001000000000010110011
00000000001000001001010010010011
00000101000000010000010100010011
00000000100101010000010010110011
11111101110001001010010110000011
11111110000001001001111000100011
00000000000101011111011000010011
00000010000001100000010001100011
11111111011001001101011000000011
00000000000011010101011010000011
00000000110101100000111001100011
00000000000011000000010110010011
11001100010010111000010100010011
10011111000011111001000011101111
11111111110001001101100010000011
00000000000110001000100000010011
11111111000001001001111000100011
00000001100001000000111000110011
00000000001011100001111010010011
00000101000000010000111100010011
00000001110111110000010010110011
11111101110001001010011110000011
00000000001001111111111110010011
00000010000011111000011001100011
11111111100001001101011000000011
00000000110011010101011010000011
00000010110101100000000001100011
00000000000011000000010110010011
11001111010010110000010100010011
10011011000011111001000011101111
11111111110001001101001010000011
11111101110001001010011110000011
00000000000100101000001100010011
11111110011001001001111000100011
00000001100001000000011010110011
00000000010001111111001110010011
00000000001001101001011100010011
11110010000000111000101011100011
00000101000000010000010100010011
00000000111001010000010010110011
11111111101001001101011000000011
00000001100011010101011010000011
00000100110101100001100001100011
11111111110001001101100000000011
11110010010111111111000001101111
00000000110000010001011000000011
00000001100000010010010110000011
10000100010011111010000011101111
00000010110000010010001010000011
00000010101000010010100000100011
00000000001000101111111010010011
11011100000011101000100011100011
00000000111000010001111100000011
00000000110000010001111110000011
00000001110000010010010110000011
00000010010000010010010100000011
00000001000011110001011110010011
00000011010000010000011010010011
00000001111101111110011000110011
10111010110011111010000011101111
00000010110000010010001010000011
11011010100111111111000001101111
00000000000011000000010110010011
11010010100010101000010100010011
10010010010011111001000011101111
11111111110001001101010110000011
00000000000101011000011000010011
00000001000001100001100010010011
00000001000010001101100000010011
11111111000001001001111000100011
11101011110111111111000001101111
00000000000000000000010000010011
11011100010111111011000011101111
00000010010000010010010110000011
00000000000000001101101110110111
00000000101001000000110100110011
11010101100010111000010100010011
10001111000011111001000011101111
00000000000000001101101010110111
00000000000010011000010110010011
11010111000010101000010100010011
10001110000011111001000011101111
00000000000010100000010110010011
00000000000010011000010100010011
11100010010111111000000011101111
00000000000000001101001010110111
00000000000001010000010110010011
11011000100000101000010100010011
10001100010011111001000011101111
00000001000011010001101100010011
00000000000010011000010100010011
00000000000010100000010110010011
00000001000010110101010000010011
11100000000111111000000011101111
00101110000001010001001001100011
00000000000010011000010100010011
00000000000010100000010110010011
11011111000111111000000011101111
00000000100100000000100110010011
00101010101010011111111001100011
00010011010011001010000010000011
00000010100000010010010110000011
00000000000000001101010100110111
00000001000001000001011100010011
00000010000101011000010110110011
11011111100001010000010100010011
01000001000001110101110000010011
00000000000000001101110110110111
10000111010011111001000011101111
00000000000000001101011000110111
00000000000000001101100010110111
11100001000001100000010110010011
11100001110010001000010100010011
10000110000011111001000011101111
00000000000000001101100000110111
00000000000000001101111000110111
11100011010010000000010110010011
11100110110011100000010100010011
10000100110011111001000011101111
00000000000000001101111010110111
11101000110011101000010100010011
11101000010011011000010110010011
10000011110011111001000011101111
00000000000010010000010110010011
00000000000000001101100100110111
11101010010010010000010100010011
10000010110011111001000011101111
00000010110000010010111010000011
00000000000111101111111100010011
00000100000011110000100001100011
00010011010011001010111110000011
00000100000011111000010001100011
00000000000000000000100110010011
00000000000000001101110100110111
00000000010010011001101110010011
00000001001110111000101100110011
00000101000000010000001010010011
00000000001010110001101010010011
00000001010100101000011110110011
11111111011001111101011000000011
00000000000010011000010110010011
11101100000011010000010100010011
11111110110111111000000011101111
00000000000110011000010010010011
00010011010011001010001100000011
00000001000001001001001110010011
00000001000000111101100110010011
11111100011010011110011011100011
00000010110000010010111010000011
00000000001011101111011010010011
00000100000001101000100001100011
00010011010011001010101000000011
00100010000010100000011001100011
00000000000000000000100100010011
00000000000000001101110110110111
00000000010010010001011100010011
00000001001001110000000010110011
00000000001000001001010100010011
00000101000000010000010110010011
00000000101001011000011000110011
11111111100001100101011000000011
00000000000010010000010110010011
11101101110011011000010100010011
11111001100111111000000011101111
00000000000110010000100000010011
00010011010011001010100010000011
00000001000010000001111000010011
00000001000011100101100100010011
11111101000110010110011011100011
00000010110000010010111010000011
00000000010011101111111100010011
00000100000011110000011001100011
00010011010011001010111110000011
00001000000011111000011001100011
00000000000000000000100110010011
00000000000000001101110100110111
00000000010010011001101110010011
00000001001110111000101100110011
00000101000000010000001010010011
00000000001010110001101010010011
00000001010100101000011110110011
11111111101001111101011000000011
00000000000010011000010110010011
11101111100011010000010100010011
11110100010111111000000011101111
00000000000110011000010010010011
00010011010011001010001100000011
00000001000001001001001110010011
00000001000000111101100110010011
11111100011010011110011011100011
00010011010011001010011010000011
00000000000000000000100100010011
00000000000000001101101000110111
00000010000001101000111001100011
00000000010010010001110110010011
00000001001011011000011100110011
00000000001001110001000010010011
00000101000000010000010100010011
00000000000101010000010110110011
11111111010001011101011000000011
11110001010010100000010100010011
00000000000010010000010110010011
11101111110111111000000011101111
00000000000110010000010000010011
00010011010011001010011000000011
00000001000001000001100010010011
00000001000010001101100100010011
11111100110010010110011011100011
00001110000011000000110001100011
00001111100000000101001001100011
00000000000000001101110000110111
11110111110011000000010100010011
11101101010111111000000011101111
00000100111000010000010100010011
11011011100111111000000011101111
00001000110000010010000010000011
00001000100000010010010000000011
00001000010000010010010010000011
00001000000000010010100100000011
00000111110000010010100110000011
00000111100000010010101000000011
00000111010000010010101010000011
00000111000000010010101100000011
00000110110000010010101110000011
00000110100000010010110000000011
00000110010000010010110010000011
00000110000000010010110100000011
00000101110000010010110110000011
00000000000000000000010100010011
00001001000000010000000100010011
00000000000000001000000001100111
00000000000000001001101010110111
10100000001010101000101100010011
00001111011001010000101001100011
00000000000000001111110000110111
10011111010111000000110010010011
00010011100101010001001001100011
00000000000000001101110100110111
11000110100011010000010100010011
11100110100111111000000011101111
00000000001100000000111100010011
10111101000111111111000001101111
00000000000100000000011010010011
10101000110101110001000011100011
00000001000000010001000010000011
10100110000000001001110011100011
00110100000101010011010000110111
01000001010101000000010010010011
00000000100100010010011000100011
10100110000111111111000001101111
00000000011100000000001010010011
00000010010100010010011000100011
10100100010111111111000001101111
00000010101010011000110110110011
00000001101110111000111000110011
00000011110000010010000000100011
10101000000011000000110011100011
11001011000111111111000001101111
00000010101010010000110010110011
00000001100110111000110100110011
00000001101000010010111000100011
10101000000010001000000011100011
11111101110111111111000001101111
00000001011100010010110000100011
10100110000011101000100011100011
11111110010111111111000001101111
00000000000000001101110010110111
11111001000011001000010100010011
11011111010111111000000011101111
11110010000111111111000001101111
00000000000000001101100000110111
11110011000010000000010100010011
11011110010111111000000011101111
11110001000111111111000001101111
00000000000000001101101000110111
11011011100010100000010100010011
11011101010111111000000011101111
00000000000101000000010000010011
11010011100111111111000001101111
00010011010011001010011110000011
00000010100000010010001100000011
00000000000010100000010110010011
00000000000010011000010100010011
00000010111100110000010010110011
10110000010111111000000011101111
00000000000001010000001110010011
00000000000000001101011010110111
11011010000001101000010100010011
00000010011101001101010110110011
11011010000111111000000011101111
11001111010111111111000001101111
00000000010011101111010000010011
11100110000001000000010011100011
11101010110111111111000001101111
00000000000000001101101110110111
10111101100010111000010100010011
11011000010111111000000011101111
00000000000000000000111100010011
10101110110111111111000001101111
00000000000000001101100000110111
11000000100010000000010100010011
11010111000111111000000011101111
00000000000100000000111100010011
10101101100111111111000001101111
00000000000000001101111010110111
11001001100011101000010100010011
11010101110111111000000011101111
00000000010000000000111100010011
10101100010111111111000001101111
00000000000000010000110010110111
11111111111111001000010000010011
00000000000000001101110010110111
11000100000111111111000001101111
00000000101101010100011010110011
00000000000101101111001010010011
00000000000101010101011100010011
00000000000101011101011000010011
00000000000000101000110001100011
11111111111111111010001100110111
00000000000100110000001110010011
00000000011101100100011110110011
00000001000001111001010110010011
00000001000001011101011000010011
00000000111001100100100000110011
00000000000110000111100010010011
00000000001001010101111000010011
00000000000101100101001010010011
00000000000010001000110001100011
11111111111111111010111010110111
00000000000111101000111100010011
00000001111000101100111110110011
00000001000011111001011010010011
00000001000001101101001010010011
00000001110000101100011100110011
00000000000101110111001100010011
00000000001101010101001110010011
00000000000100101101100010010011
00000000000000110000110001100011
11111111111111111010010110110111
00000000000101011000011000010011
00000000110010001100011110110011
00000001000001111001100000010011
00000001000010000101100010010011
00000000011110001100111000110011
00000000000111100111111010010011
00000000010001010101111100010011
00000000000110001101001100010011
00000000000011101000110001100011
11111111111111111010111110110111
00000000000111111000011010010011
00000000110100110100001010110011
00000001000000101001011100010011
00000001000001110101001100010011
00000001111000110100001110110011
00000000000100111111010110010011
00000000010101010101011000010011
00000000000100110101111010010011
00000000000001011000110001100011
11111111111111111010100000110111
00000000000110000000100010010011
00000001000111101100011110110011
00000001000001111001111000010011
00000001000011100101111010010011
00000000110011101100111100110011
00000000000111110111111110010011
00000000011001010101011010010011
00000000000111101101010110010011
00000000000011111000110001100011
11111111111111111010001010110111
00000000000100101000011100010011
00000000111001011100001100110011
00000001000000110001001110010011
00000001000000111101010110010011
00000000110101011100011000110011
00000000000101100111100000010011
00000000011101010101100010010011
00000000000101011101111100010011
00000000000010000000110001100011
11111111111111111010011110110111
00000000000101111000111000010011
00000001110011110100010100110011
00000001000001010001111010010011
00000001000011101101111100010011
00000000000111110111111110010011
00000000000111110101010100010011
00000001000111111000110001100011
11111111111111111010011010110111
00000000000101101000001010010011
00000000010101010100011100110011
00000001000001110001001100010011
00000001000000110101010100010011
00000000000000001000000001100111
00000000101001011100011010110011
00001111111101010111011100010011
00000000000101101111001010010011
00000000000001010000011110010011
00000000000101110101011000010011
00000000000101011101100000010011
00000000000000101000110001100011
11111111111111111010001100110111
00000000000100110000001110010011
00000000011110000100010100110011
00000001000001010001010110010011
00000001000001011101100000010011
00000000110010000100100010110011
00000000000110001111111000010011
00000000001001110101111010010011
00000000000110000101001100010011
00000000000011100000110001100011
11111111111111111010111100110111
00000000000111110000111110010011
00000001111100110100011010110011
00000001000001101001001010010011
00000001000000101101001100010011
00000001110100110100011000110011
00000000000101100111001110010011
00000000001101110101010110010011
00000000000100110101111010010011
00000000000000111000110001100011
11111111111111111010100000110111
00000000000110000000100010010011
00000001000111101100010100110011
00000001000001010001111000010011
00000001000011100101111010010011
00000000101111101100111100110011
00000000000111110111111110010011
00000000010001110101011010010011
00000000000111101101010110010011
00000000000011111000110001100011
11111111111111111010001010110111
00000000000100101000001100010011
00000000011001011100011000110011
00000001000001100001001110010011
00000001000000111101010110010011
00000000110101011100100000110011
00000000000110000111100010010011
00000000010101110101111000010011
00000000000101011101001010010011
00000000000010001000110001100011
11111111111111111010111010110111
00000000000111101000111100010011
00000001111000101100010100110011
00000001000001010001111110010011
00000001000011111101001010010011
00000001110000101100011010110011
00000000000101101111001100010011
00000000011001110101001110010011
00000000000100101101111000010011
00000000000000110000110001100011
11111111111111111010011000110111
00000000000101100000010110010011
00000000101111100100100000110011
00000001000010000001100010010011
00000001000010001101111000010011
00000000011111100100111010110011
00000000000111101111111100010011
00000000011101110101011100010011
00000000000111100101001100010011
00000000000011110000110001100011
11111111111111111010111110110111
00000000000111111000001010010011
00000000010100110100010100110011
00000001000001010001011010010011
00000001000001101101001100010011
00000000000100110111001110010011
00000000000100110101111000010011
00010100111000111001010001100011
00000000100001111101111010010011
00000001110011101100111100110011
00000000000111110111111110010011
00000000100001111101011100010011
00000000000111100101001110010011
00000000100101111101011110010011
00000000000011111000110001100011
11111111111111111010001010110111
00000000000100101000011010010011
00000000110100111100010100110011
00000001000001010001001100010011
00000001000000110101001110010011
00000000111100111100011000110011
00000000000101100111010110010011
00000000001001110101100000010011
00000000000100111101111110010011
00000000000001011000110001100011
11111111111111111010100010110111
00000000000110001000111000010011
00000001110011111100111010110011
00000001000011101001111100010011
00000001000011110101111110010011
00000001000011111100011110110011
00000000000101111111001010010011
00000000001101110101011010010011
00000000000111111101010110010011
00000000000000101000110001100011
11111111111111111010001100110111
00000000000100110000001110010011
00000000011101011100010100110011
00000001000001010001011000010011
00000001000001100101010110010011
00000000110101011100100000110011
00000000000110000111100010010011
00000000010001110101111000010011
00000000000101011101001010010011
00000000000010001000110001100011
11111111111111111010111010110111
00000000000111101000111100010011
00000001111000101100111110110011
00000001000011111001011110010011
00000001000001111101001010010011
00000001110000101100011010110011
00000000000101101111001100010011
00000000010101110101001110010011
00000000000100101101100010010011
00000000000000110000110001100011
11111111111111111010011000110111
00000000000101100000010110010011
00000000101110001100010100110011
00000001000001010001100000010011
00000001000010000101100010010011
00000000011110001100111000110011
00000000000111100111111010010011
00000000011001110101111100010011
00000000000110001101001100010011
00000000000011101000110001100011
11111111111111111010111110110111
00000000000111111000011110010011
00000000111100110100001010110011
00000001000000101001011010010011
00000001000001101101001100010011
00000001111000110100001110110011
00000000000100111111011000010011
00000000011101110101011100010011
00000000000100110101111000010011
00000000000001100000110001100011
11111111111111111010010110110111
00000000000101011000100000010011
00000001000011100100010100110011
00000001000001010001100010010011
00000001000010001101111000010011
00000000000111100111111010010011
00000000000111100101010100010011
00000000111011101000110001100011
11111111111111111010111100110111
00000000000111110000111110010011
00000001111101010100011110110011
00000001000001111001001010010011
00000001000000101101010100010011
00000000000000001000000001100111
11111111111111111010011000110111
00000000000101100000010110010011
00000000101111100100100000110011
00000001000010000001100010010011
00000001000010001101111000010011
11101010100111111111000001101111
00000000101001011100100000110011
00001111111101010111011010010011
00000001000001010001011100010011
00000000000110000111001010010011
00000000000001010000011110010011
00000001000001110101001100010011
00000000000101101101011000010011
00000000000101011101111000010011
00000000000000101000110001100011
11111111111111111010010110110111
00000000000101011000001110010011
00000000011111100100010100110011
00000001000001010001100010010011
00000001000010001101111000010011
00000000110011100100111010110011
00000000000111101111111100010011
00000000001001101101111110010011
00000000000111100101001110010011
00000000000011110000110001100011
11111111111111111010100000110111
00000000000110000000001010010011
00000000010100111100011100110011
00000001000001110001011000010011
00000001000001100101001110010011
00000001111100111100010110110011
00000000000101011111100010010011
00000000001101101101111000010011
00000000000100111101100000010011
00000000000010001000110001100011
11111111111111111010111010110111
00000000000111101000111100010011
00000001111010000100010100110011
00000001000001010001111110010011
00000001000011111101100000010011
00000001110010000100001010110011
00000000000100101111011100010011
00000000010001101101011000010011
00000000000110000101111010010011
00000000000001110000110001100011
11111111111111111010001110110111
00000000000100111000010110010011
00000000101111101100100010110011
00000001000010001001111000010011
00000001000011100101111010010011
00000000110011101100111100110011
00000000000111110111111110010011
00000000010101101101100000010011
00000000000111101101001110010011
00000000000011111000110001100011
11111111111111111010001010110111
00000000000100101000011100010011
00000000111000111100010100110011
00000001000001010001011000010011
00000001000001100101001110010011
00000001000000111100010110110011
00000000000101011111100010010011
00000000011001101101111000010011
00000000000100111101001010010011
00000000000010001000110001100011
11111111111111111010111010110111
00000000000111101000111100010011
00000001111000101100111110110011
00000001000011111001100000010011
00000001000010000101001010010011
00000001110000101100011100110011
00000000000101110111011000010011
00000000011101101101011010010011
00000000000100101101111000010011
00000000000001100000110001100011
11111111111111111010001110110111
00000000000100111000010110010011
00000000101111100100010100110011
00000001000001010001100010010011
00000001000010001101111000010011
00000000000111100111111010010011
00000000000111100101001110010011
00111100110111101001101001100011
00000000100000110101011100010011
00000000111000111100011000110011
00000000000101100111010110010011
00000000100000110101011010010011
00000000000100111101111100010011
00000000100100110101001100010011
00000000000001011000110001100011
11111111111111111010100010110111
00000000000110001000111000010011
00000001110011110100010100110011
00000001000001010001111010010011
00000001000011101101111100010011
00000000011011110100111110110011
00000000000111111111100000010011
00000000001001101101001010010011
00000000000111110101001100010011
00000000000010000000110001100011
11111111111111111010001110110111
00000000000100111000011100010011
00000000111000110100011000110011
00000001000001100001010110010011
00000001000001011101001100010011
00000000010100110100100010110011
00000000000110001111111000010011
00000000001101101101111010010011
00000000000100110101001010010011
00000000000011100000110001100011
11111111111111111010111100110111
00000000000111110000111110010011
00000001111100101100010100110011
00000001000001010001100000010011
00000001000010000101001010010011
00000001110100101100001110110011
00000000000100111111011000010011
00000000010001101101011100010011
00000000000100101101111010010011
00000000000001100000110001100011
11111111111111111010010110110111
00000000000101011000001100010011
00000000011011101100100010110011
00000001000010001001111000010011
00000001000011100101111010010011
00000000111011101100111100110011
00000000000111110111111110010011
00000000010101101101100000010011
00000000000111101101010110010011
00000000000011111000110001100011
11111111111111111010001010110111
00000000000100101000001110010011
00000000011101011100010100110011
00000001000001010001011000010011
00000001000001100101010110010011
00000001000001011100011100110011
00000000000101110111001100010011
00000000011001101101100010010011
00000000000101011101100000010011
00000000000000110000110001100011
11111111111111111010111000110111
00000000000111100000111010010011
00000001110110000100111100110011
00000001000011110001111110010011
00000001000011111101100000010011
00000001000110000100001010110011
00000000000100101111001110010011
00000000011101101101011010010011
00000000000110000101001100010011
00000000000000111000110001100011
11111111111111111010011000110111
00000000000101100000010110010011
00000000101100110100010100110011
00000001000001010001011100010011
00000001000001110101001100010011
00000000000100110111100010010011
00000000000100110101100000010011
00101000110110001001100001100011
00000001000001111101001010010011
00000000010110000100001110110011
00001111111100101111010110010011
00000000000100111111011010010011
00000001000001111101011110010011
00000000000101011101011000010011
00000000000110000101111000010011
00000000000001101000110001100011
11111111111111111010011100110111
00000000000101110000001100010011
00000000011011100100010100110011
00000001000001010001100010010011
00000001000010001101111000010011
00000000110011100100111010110011
00000000000111101111111100010011
00000000001001011101111110010011
00000000000111100101011100010011
00000000000011110000110001100011
11111111111111111010100000110111
00000000000110000000001010010011
00000000010101110100001110110011
00000001000000111001011010010011
00000001000001101101011100010011
00000001111101110100011000110011
00000000000101100111001100010011
00000000001101011101100010010011
00000000000101110101111110010011
00000000000000110000110001100011
11111111111111111010111000110111
00000000000111100000111010010011
00000001110111111100010100110011
00000001000001010001111100010011
00000001000011110101111110010011
00000001000111111100100000110011
00000000000110000111001010010011
00000000010001011101001110010011
00000000000111111101100010010011
00000000000000101000110001100011
11111111111111111010011010110111
00000000000101101000011100010011
00000000111010001100011000110011
00000001000001100001001100010011
00000001000000110101100010010011
00000000011110001100111000110011
00000000000111100111111010010011
00000000010101011101111100010011
00000000000110001101001110010011
00000000000011101000110001100011
11111111111111111010111110110111
00000000000111111000100000010011
00000001000000111100010100110011
00000001000001010001001010010011
00000001000000101101001110010011
00000001111000111100011010110011
00000000000101101111011100010011
00000000011001011101001100010011
00000000000100111101111100010011
00000000000001110000110001100011
11111111111111111010011000110111
00000000000101100000100010010011
00000001000111110100111000110011
00000001000011100001111010010011
00000001000011101101111100010011
00000000011011110100111110110011
00000000000111111111100000010011
00000000011101011101010110010011
00000000000111110101011100010011
00000000000010000000110001100011
11111111111111111010001010110111
00000000000100101000001110010011
00000000011101110100010100110011
00000001000001010001011010010011
00000001000001101101011100010011
00000000000101110111001100010011
00000000000101110101111100010011
00010100101100110001010001100011
00000000100001111101111110010011
00000001111011111100100000110011
00000000000110000111010110010011
00000000100001111101001010010011
00000000000111110101001100010011
00000000100101111101011110010011
00000000000001011000110001100011
11111111111111111010001110110111
00000000000100111000011010010011
00000000110100110100010100110011
00000001000001010001011100010011
00000001000001110101001100010011
00000000011001111100011000110011
00000000000101100111100010010011
00000000001000101101111000010011
00000000000100110101010110010011
00000000000010001000110001100011
11111111111111111010111010110111
00000000000111101000111100010011
00000001111001011100111110110011
00000001000011111001100000010011
00000001000010000101010110010011
00000000101111100100011110110011
00000000000101111111001110010011
00000000001100101101011010010011
00000000000101011101100010010011
00000000000000111000110001100011
11111111111111111010011100110111
00000000000101110000001100010011
00000000011010001100010100110011
00000001000001010001011000010011
00000001000001100101100010010011
00000001000101101100111000110011
00000000000111100111111010010011
00000000010000101101111100010011
00000000000110001101001110010011
00000000000011101000110001100011
11111111111111111010111110110111
00000000000111111000100000010011
00000001000000111100010110110011
00000001000001011001011110010011
00000001000001111101001110010011
00000001111000111100011010110011
00000000000101101111011100010011
00000000010100101101001100010011
00000000000100111101111010010011
00000000000001110000110001100011
11111111111111111010011000110111
00000000000101100000100010010011
00000001000111101100010100110011
00000001000001010001111000010011
00000001000011100101111010010011
00000000011011101100111100110011
00000000000111110111111110010011
00000000011000101101100000010011
00000000000111101101001100010011
00000000000011111000110001100011
11111111111111111010010110110111
00000000000101011000011110010011
00000000111100110100001110110011
00000001000000111001011010010011
00000001000001101101001100010011
00000001000000110100011100110011
00000000000101110111011000010011
00000000011100101101001010010011
00000000000100110101111100010011
00000000000001100000110001100011
11111111111111111010100010110111
00000000000110001000111000010011
00000001110011110100010100110011
00000001000001010001111010010011
00000001000011101101111100010011
00000000000111110111111110010011
00000000000111110101010100010011
00000000010111111000110001100011
11111111111111111010100000110111
00000000000110000000010110010011
00000000101101010100011110110011
00000001000001111001001110010011
00000001000000111101010100010011
00000000000000001000000001100111
11111111111111111010011000110111
00000000000101100000100010010011
00000001000111110100111000110011
00000001000011100001111010010011
00000001000011101101111100010011
11101010100111111111000001101111
11111111111111111010111000110111
00000000000111100000111010010011
00000001110110000100111100110011
00000001000011110001111110010011
00000001000011111101100000010011
11010110000111111111000001101111
11111111111111111010111100110111
00000000000111110000111110010011
00000001111100111100100000110011
00000001000010000001001010010011
00000001000000101101001110010011
11000001110111111111000001101111
00000000101001011100011010110011
00001111111101010111011100010011
00000001000001010001011110010011
00000000000101101111001010010011
00000001000001111101001100010011
00000000000101110101011000010011
00000000000101011101100010010011
00000000000000101000110001100011
11111111111111111010001110110111
00000000000100111000010110010011
00000000101110001100010100110011
00000001000001010001100000010011
00000001000010000101100010010011
00000000110010001100111000110011
00000000000111100111111010010011
00000000001001110101111100010011
00000000000110001101001110010011
00000000000011101000110001100011
11111111111111111010111110110111
00000000000111111000011010010011
00000000110100111100001010110011
00000001000000101001011110010011
00000001000001111101001110010011
00000001111000111100011000110011
00000000000101100111010110010011
00000000001101110101100000010011
00000000000100111101111100010011
00000000000001011000110001100011
11111111111111111010100010110111
00000000000110001000111000010011
00000001110011110100010100110011
00000001000001010001111010010011
00000001000011101101111100010011
00000001000011110100111110110011
00000000000111111111001010010011
00000000010001110101011010010011
00000000000111110101100000010011
00000000000000101000110001100011
11111111111111111010011110110111
00000000000101111000001110010011
00000000011110000100011000110011
00000001000001100001010110010011
00000001000001011101100000010011
00000000110110000100100010110011
00000000000110001111111000010011
00000000010101110101111010010011
00000000000110000101011110010011
00000000000011100000110001100011
11111111111111111010111100110111
00000000000111110000111110010011
00000001111101111100010100110011
00000001000001010001001010010011
00000001000000101101011110010011
00000001110101111100011010110011
00000000000101101111001110010011
00000000011001110101010110010011
00000000000101111101111010010011
00000000000000111000110001100011
11111111111111111010011000110111
00000000000101100000100000010011
00000001000011101100100010110011
00000001000010001001111000010011
00000001000011100101111010010011
00000000101111101100111100110011
00000000000111110111111110010011
00000000011101110101011100010011
00000000000111101101001110010011
00000000000011111000110001100011
11111111111111111010001010110111
00000000000100101000011110010011
00000000111100111100010100110011
00000001000001010001011010010011
00000001000001101101001110010011
00000000000100111111010110010011
00000000000100111101111010010011
00010100111001011001010001100011
00000000100000110101111100010011
00000001110111110100111110110011
00000000000111111111001010010011
00000000100000110101011100010011
00000000000111101101010110010011
00000000100100110101001100010011
00000000000000101000110001100011
11111111111111111010011110110111
00000000000101111000011010010011
00000000110101011100010100110011
00000001000001010001001110010011
00000001000000111101010110010011
00000000011001011100011000110011
00000000000101100111100000010011
00000000001001110101100010010011
00000000000101011101001010010011
00000000000010000000110001100011
11111111111111111010111000110111
00000000000111100000111010010011
00000001110100101100111100110011
00000001000011110001111110010011
00000001000011111101001010010011
00000001000100101100001100110011
00000000000100110111011110010011
00000000001101110101011010010011
00000000000100101101100000010011
00000000000001111000110001100011
11111111111111111010001110110111
00000000000100111000010110010011
00000000101110000100010100110011
00000001000001010001011000010011
00000001000001100101100000010011
00000000110110000100100010110011
00000000000110001111111000010011
00000000010001110101111010010011
00000000000110000101001110010011
00000000000011100000110001100011
11111111111111111010111100110111
00000000000111110000111110010011
00000001111100111100001010110011
00000001000000101001001100010011
00000001000000110101001110010011
00000001110100111100011110110011
00000000000101111111010110010011
00000000010101110101011010010011
00000000000100111101111000010011
00000000000001011000110001100011
11111111111111111010011000110111
00000000000101100000100000010011
00000001000011100100010100110011
00000001000001010001100010010011
00000001000010001101111000010011
00000000110111100100111010110011
00000000000111101111111100010011
00000000011001110101111110010011
00000000000111100101010110010011
00000000000011110000110001100011
11111111111111111010001010110111
00000000000100101000001100010011
00000000011001011100001110110011
00000001000000111001011110010011
00000001000001111101010110010011
00000001111101011100011010110011
00000000000101101111011000010011
00000000011101110101011100010011
00000000000101011101111010010011
00000000000001100000110001100011
11111111111111111010100000110111
00000000000110000000100010010011
00000001000111101100010100110011
00000001000001010001111000010011
00000001000011100101111010010011
00000000000111101111111100010011
00000000000111101101010100010011
00000000111011110000110001100011
11111111111111111010111110110111
00000000000111111000001010010011
00000000010101010100001100110011
00000001000000110001001110010011
00000001000000111101010100010011
00000000000000001000000001100111
11111111111111111010011000110111
00000000000101100000100000010011
00000001000011101100100010110011
00000001000010001001111000010011
00000001000011100101111010010011
11101010100111111111000001101111
00000000000000000000000000000000
00000000000000000000000000000000
00000000000000000000000000000000
00000000000000000000000000000000
00000000000000000000000000000000
00000000000000000000000000000000
00000000000000000000000000000000
00000000000000000000000000000000
00000000000000000000000000000000
00000000000000000000000000000000
00000000000000000000000000000000
00000000000000000000000000000000
00000000000000000000000000000000
00000000000000000000000000000000
00000000000000000000000000000000
00000000000000000000000000000000
00000000000000000000000000000000
00000000000000000000000000000000
00000000000000000000000000000000
00000000000000000000000000000000
00000000000000000000000000000000
00000000000000000000000000000000
00000000000000000000000000000000
00000000000000000000000000000000
00000000000000000000000000000000
00000000000000000000000000000000
00000000000000000000000000000000
00000000000000000000000000000000
00000000000000000000000000000000
00000000000000000000000000000000
00000000000000000000000000000000
00000000000000000000000000000000
00000000000000000000000000000000
00000000000000000000000000000000
00000000000000000000000000000000
00000000000000000000000000000000
00000000000000000000000000000000
00000000000000000000000000000000
00000000000000000000000000000000
00000000000000000000000000000000
00000000000000000000000000000000
00000000000000000000000000000000
00000000000000000000000000000000
00000000000000000000000000000000
00000000000000000000000000000000
00000000000000000000000000000000
00000000000000000000000000000000
00000000000000000000000000000000
00000000000000000000000000000000
00000000000000000000000000000000
00000000000000000000000000000000
00000000000000000000000000000000
00000000000000000000000000000000
00000000000000000000000000000000
00000000000000000000000000000000
00000000000000000000000000000000
00000000000000000000000000000000
00000000000000000000000000000000
00000000000000000000000000000000
00000000000000000000000000000000
00000000000000000000000000000000
00000000000000000000000000000000
00000000000000000000000000000000
00000000000000000000000000000000
00000000000000000000000000000000
00000000000000000000000000000000
00000000000000000000000000000000
00000000000000000000000000000000
00000000000000000000000000000000
00000000000000000000000000000000
00000000000000000000000000000000
00000000000000000000000000000000
00000000000000000000000000000000
00000000000000000000000000000000
00000000000000000000000000000000
00000000000000000000000000000000
00000000000000000000000000000000
00000000000000000000000000000000
00000000000000000000000000000000
00000000000000000000000000000000
00000000000000000000000000000000
00000000000000000000000000000000
00000000000000000000000000000000
00000000000000000000000000000000
00000000000000000000000000000000
00000000000000000000000000000000
00000000000000000000000000000000
00000000000000000000000000000000
00000000000000000000000000000000
00000000000000000000000000000000
00000000000000000000000000000000
00000000000000000000000000000000
00000000000000000000000000000000
00000000000000000000000000000000
00000000000000000000000000000000
00000000000000000000000000000000
00000000000000000000000000000000
00000000000000000000000000000000
00000000000000000000000000000000
00000000000000000000000000000000
00000000000000000000000000000000
00000000000000000000000000000000
00000000000000000000000000000000
00000000000000000000000000000000
00000000000000000000000000000000
00000000000000000000000000000000
00000000000000000000000000000000
00000000000000000000000000000000
00000000000000000000000000000000
00000000000000000000000000000000
00000000000000000000000000000000
00000000000000000000000000000000
00000000000000000000000000000000
00000000000000000000000000000000
00000000000000000000000000000000
00000000000000000000000000000000
00000000000000000000000000000000
00000000000000000000000000000000
00000000000000000000000000000000
00000000000000000000000000000000
00000000000000000000000000000000
00000000000000000000000000000000
00000000000000000000000000000000
00000000000000000000000000000000
00000000000000000000000000000000
00000000000000000000000000000000
00000000000000000000000000000000
00000000000000000000000000000000
00000000000000000000000000000000
00000000000000000000000000000000
00000000000000000000000000000000
00000000000000000000000000000000
00000000000000000000000000000000
00000000000000000000000000000000
00000000000000000000000000000000
00000000000000000000000000000000
00000000000000000000000000000000
00000000000000000000000000000000
00000000000000000000000000000000
00000000000000000000000000000000
00000000000000000000000000000000
00000000000000000000000000000000
00000000000000000000000000000000
00000000000000000000000000000000
00000000000000000000000000000000
00000000000000000000000000000000
00000000000000000000000000000000
00000000000000000000000000000000
00000000000000000000000000000000
00000000000000000000000000000000
00000000000000000000000000000000
00000000000000000000000000000000
00000000000000000000000000000000
00000000000000000000000000000000
00000000000000000000000000000000
00000000000000000000000000000000
00000000000000000000000000000000
00000000000000000000000000000000
00000000000000000000000000000000
00000000000000000000000000000000
00000000000000000000000000000000
00000000000000000000000000000000
00000000000000000000000000000000
00000000000000000000000000000000
00000000000000000000000000000000
00000000000000000000000000000000
00000000000000000000000000000000
00000000000000000000000000000000
00000000000000000000000000000000
00000000000000000000000000000000
00000000000000000000000000000000
00000000000000000000000000000000
00000000000000000000000000000000
00000000000000000000000000000000
00000000000000000000000000000000
00000000000000000000000000000000
00000000000000000000000000000000
00000000000000000000000000000000
00000000000000000000000000000000
00000000000000000000000000000000
00000000000000000000000000000000
00000000000000000000000000000000
00000000000000000000000000000000
00000000000000000000000000000000
00000000000000000000000000000000
00000000000000000000000000000000
00000000000000000000000000000000
00000000000000000000000000000000
00000000000000000000000000000000
00000000000000000000000000000000
00000000000000000000000000000000
00000000000000000000000000000000
00000000000000000000000000000000
00000000000000000000000000000000
00000000000000000000000000000000
00000000000000000000000000000000
00000000000000000000000000000000
00000000000000000000000000000000
00000000000000000000000000000000
00000000000000000000000000000000
00000000000000000000000000000000
00000000000000000000000000000000
00000000000000000000000000000000
00000000000000000000000000000000
00000000000000000000000000000000
00000000000000000000000000000000
00000000000000000000000000000000
00000000000000000000000000000000
00000000000000000000000000000000
00000000000000000000000000000000
00000000000000000000000000000000
00000000000000000000000000000000
00000000000000000000000000000000
00000000000000000000000000000000
00000000000000000000000000000000
00000000000000000000000000000000
00000000000000000000000000000000
00000000000000000000000000000000
00000000000000000000000000000000
00000000000000000000000000000000
00000000000000000000000000000000
00000000000000000000000000000000
00000000000000000000000000000000
00000000000000000000000000000000
00000000000000000000000000000000
00000000000000000000000000000000
00000000000000000000000000000000
00000000000000000000000000000000
00000000000000000000000000000000
00000000000000000000000000000000
00000000000000000000000000000000
00000000000000000000000000000000
00000000000000000000000000000000
00000000000000000000000000000000
00000000000000000000000000000000
00000000000000000000000000000000
00000000000000000000000000000000
00000000000000000000000000000000
00000000000000000000000000000000
00000000000000000000000000000000
00000000000000000000000000000000
00000000000000000000000000000000
00000000000000000000000000000000
00000000000000000000000000000000
00000000000000000000000000000000
00000000000000000000000000000000
00000000000000000000000000000000
00000000000000000000000000000000
00000000000000000000000000000000
00000000000000000000000000000000
00000000000000000000000000000000
00000000000000000000000000000000
00000000000000000000000000000000
00000000000000000000000000000000
00000000000000000000000000000000
00000000000000000000000000000000
00000000000000000000000000000000
00000000000000000000000000000000
00000000000000000000000000000000
00000000000000000000000000000000
00000000000000000000000000000000
00000000000000000000000000000000
00000000000000000000000000000000
00000000000000000000000000000000
00000000000000000000000000000000
00000000000000000000000000000000
00000000000000000000000000000000
00000000000000000000000000000000
00000000000000000000000000000000
00000000000000000000000000000000
00000000000000000000000000000000
00000000000000000000000000000000
00000000000000000000000000000000
00000000000000000000000000000000
00000000000000000000000000000000
00000000000000000000000000000000
00000000000000000000000000000000
00000000000000000000000000000000
00000000000000000000000000000000
00000000000000000000000000000000
00000000000000000000000000000000
00000000000000000000000000000000
00000000000000000000000000000000
00000000000000000000000000000000
00000000000000000000000000000000
00000000000000000000000000000000
00000000000000000000000000000000
00000000000000000000000000000000
00000000000000000000000000000000
00000000000000000000000000000000
00000000000000000000000000000000
00000000000000000000000000000000
00000000000000000000000000000000
00000000000000000000000000000000
00000000000000000000000000000000
00000000000000000000000000000000
00000000000000000000000000000000
00000000000000000000000000000000
00000000000000000000000000000000
00000000000000000000000000000000
00000000000000000000000000000000
00000000000000000000000000000000
00000000000000000000000000000000
00000000000000000000000000000000
00000000000000000000000000000000
00000000000000000000000000000000
00000000000000000000000000000000
00000000000000000000000000000000
00000000000000000000000000000000
00000000000000000000000000000000
00000000000000000000000000000000
00000000000000000000000000000000
00000000000000000000000000000000
00000000000000000000000000000000
00000000000000000000000000000000
00000000000000000000000000000000
00000000000000000000000000000000
00000000000000000000000000000000
00000000000000000000000000000000
00000000000000000000000000000000
00000000000000000000000000000000
00000000000000000000000000000000
00000000000000000000000000000000
00000000000000000000000000000000
00000000000000000000000000000000
00000000000000000000000000000000
00000000000000000000000000000000
00000000000000000000000000000000
00000000000000000000000000000000
00000000000000000000000000000000
00000000000000000000000000000000
00000000000000000000000000000000
00000000000000000000000000000000
00000000000000000000000000000000
00000000000000000000000000000000
00000000000000000000000000000000
00000000000000000000000000000000
00000000000000000000000000000000
00000000000000000000000000000000
00000000000000000000000000000000
00000000000000000000000000000000
00000000000000000000000000000000
00000000000000000000000000000000
00000000000000000000000000000000
00000000000000000000000000000000
00000000000000000000000000000000
00000000000000000000000000000000
00000000000000000000000000000000
00000000000000000000000000000000
00000000000000000000000000000000
00000000000000000000000000000000
00000000000000000000000000000000
00000000000000000000000000000000
00000000000000000000000000000000
00000000000000000000000000000000
00000000000000000000000000000000
00000000000000000000000000000000
00000000000000000000000000000000
00000000000000000000000000000000
00000000000000000000000000000000
00000000000000000000000000000000
00000000000000000000000000000000
00000000000000000000000000000000
00000000000000000000000000000000
00000000000000000000000000000000
00000000000000000000000000000000
00000000000000000000000000000000
00000000000000000000000000000000
00000000000000000000000000000000
00000000000000000000000000000000
00000000000000000000000000000000
00000000000000000000000000000000
00000000000000000000000000000000
00000000000000000000000000000000
00000000000000000000000000000000
00000000000000000000000000000000
00000000000000000000000000000000
00000000000000000000000000000000
00000000000000000000000000000000
00000000000000000000000000000000
00000000000000000000000000000000
00000000000000000000000000000000
00000000000000000000000000000000
00000000000000000000000000000000
00000000000000000000000000000000
00000000000000000000000000000000
00000000000000000000000000000000
00000000000000000000000000000000
00000000000000000000000000000000
00000000000000000000000000000000
00000000000000000000000000000000
00000000000000000000000000000000
00000000000000000000000000000000
00000000000000000000000000000000
00000000000000000000000000000000
00000000000000000000000000000000
00000000000000000000000000000000
00000000000000000000000000000000
00000000000000000000000000000000
00000000000000000000000000000000
00000000000000000000000000000000
00000000000000000000000000000000
00000000000000000000000000000000
00000000000000000000000000000000
00000000000000000000000000000000
00000000000000000000000000000000
00000000000000000000000000000000
00000000000000000000000000000000
00000000000000000000000000000000
00000000000000000000000000000000
00000000000000000000000000000000
00000000000000000000000000000000
00000000000000000000000000000000
00000000000000000000000000000000
00000000000000000000000000000000
00000000000000000000000000000000
00000000000000000000000000000000
00000000000000000000000000000000
00000000000000000000000000000000
00000000000000000000000000000000
00000000000000000000000000000000
00000000000000000000000000000000
00000000000000000000000000000000
00000000000000000000000000000000
00000000000000000000000000000000
00000000000000000000000000000000
00000000000000000000000000000000
00000000000000000000000000000000
00000000000000000000000000000000
00000000000000000000000000000000
00000000000000000000000000000000
00000000000000000000000000000000
00000000000000000000000000000000
00000000000000000000000000000000
00000000000000000000000000000000
00000000000000000000000000000000
00000000000000000000000000000000
00000000000000000000000000000000
00000000000000000000000000000000
00000000000000000000000000000000
00000000000000000000000000000000
00000000000000000000000000000000
00000000000000000000000000000000
00000000000000000000000000000000
00000000000000000000000000000000
00000000000000000000000000000000
00000000000000000000000000000000
00000000000000000000000000000000
00000000000000000000000000000000
00000000000000000000000000000000
00000000000000000000000000000000
00000000000000000000000000000000
00000000000000000000000000000000
00000000000000000000000000000000
00000000000000000000000000000000
00000000000000000000000000000000
00000000000000000000000000000000
00000000000000000000000000000000
00000000000000000000000000000000
00000000000000000000000000000000
00000000000000000000000000000000
00000000000000000000000000000000
00000000000000000000000000000000
00000000000000000000000000000000
00000000000000000000000000000000
00000000000000000000000000000000
00000000000000000000000000000000
00000000000000000000000000000000
00000000000000000000000000000000
00000000000000000000000000000000
00000000000000000000000000000000
00000000000000000000000000000000
00000000000000000000000000000000
00000000000000000000000000000000
00000000000000000000000000000000
00000000000000000000000000000000
00000000000000000000000000000000
00000000000000000000000000000000
00000000000000000000000000000000
00000000000000000000000000000000
00000000000000000000000000000000
00000000000000000000000000000000
00000000000000000000000000000000
00000000000000000000000000000000
00000000000000000000000000000000
00000000000000000000000000000000
00000000000000000000000000000000
00000000000000000000000000000000
00000000000000000000000000000000
00000000000000000000000000000000
00000000000000000000000000000000
00000000000000000000000000000000
00000000000000000000000000000000
00000000000000000000000000000000
00000000000000000000000000000000
00000000000000000000000000000000
00000000000000000000000000000000
00000000000000000000000000000000
00000000000000000000000000000000
00000000000000000000000000000000
00000000000000000000000000000000
00000000000000000000000000000000
00000000000000000000000000000000
00000000000000000000000000000000
00000000000000000000000000000000
00000000000000000000000000000000
00000000000000000000000000000000
00000000000000000000000000000000
00000000000000000000000000000000
00000000000000000000000000000000
00000000000000000000000000000000
00000000000000000000000000000000
00000000000000000000000000000000
00000000000000000000000000000000
00000000000000000000000000000000
00000000000000000000000000000000
00000000000000000000000000000000
00000000000000000000000000000000
00000000000000000000000000000000
00000000000000000000000000000000
00000000000000000000000000000000
00000000000000000000000000000000
00000000000000000000000000000000
00000000000000000000000000000000
00000000000000000000000000000000
00000000000000000000000000000000
00000000000000000000000000000000
00000000000000000000000000000000
00000000000000000000000000000000
00000000000000000000000000000000
00000000000000000000000000000000
00000000000000000000000000000000
00000000000000000000000000000000
00000000000000000000000000000000
00000000000000000000000000000000
00000000000000000000000000000000
00000000000000000000000000000000
00000000000000000000000000000000
00000000000000000000000000000000
00000000000000000000000000000000
00000000000000000000000000000000
00000000000000000000000000000000
00000000000000000000000000000000
00000000000000000000000000000000
00000000000000000000000000000000
00000000000000000000000000000000
00000000000000000000000000000000
00000000000000000000000000000000
00000000000000000000000000000000
00000000000000000000000000000000
00000000000000000000000000000000
00000000000000000000000000000000
00000000000000000000000000000000
00000000000000000000000000000000
00000000000000000000000000000000
00000000000000000000000000000000
00000000000000000000000000000000
00000000000000000000000000000000
00000000000000000000000000000000
00000000000000000000000000000000
00000000000000000000000000000000
00000000000000000000000000000000
00000000000000000000000000000000
00000000000000000000000000000000
00000000000000000000000000000000
00000000000000000000000000000000
00000000000000000000000000000000
00000000000000000000000000000000
00000000000000000000000000000000
00000000000000000000000000000000
00000000000000000000000000000000
00000000000000000000000000000000
00000000000000000000000000000000
00000000000000000000000000000000
00000000000000000000000000000000
00000000000000000000000000000000
00000000000000000000000000000000
00000000000000000000000000000000
00000000000000000000000000000000
00000000000000000000000000000000
00000000000000000000000000000000
00000000000000000000000000000000
00000000000000000000000000000000
00000000000000000000000000000000
00000000000000000000000000000000
00000000000000000000000000000000
00000000000000000000000000000000
00000000000000000000000000000000
00000000000000000000000000000000
00000000000000000000000000000000
00000000000000000000000000000000
00000000000000000000000000000000
00000000000000000000000000000000
00000000000000000000000000000000
00000000000000000000000000000000
00000000000000000000000000000000
00000000000000000000000000000000
00000000000000000000000000000000
00000000000000000000000000000000
00000000000000000000000000000000
00000000000000000000000000000000
00000000000000000000000000000000
00000000000000000000000000000000
00000000000000000000000000000000
00000000000000000000000000000000
00000000000000000000000000000000
00000000000000000000000000000000
00000000000000000000000000000000
00000000000000000000000000000000
00000000000000000000000000000000
00000000000000000000000000000000
00000000000000000000000000000000
00000000000000000000000000000000
00000000000000000000000000000000
00000000000000000000000000000000
00000000000000000000000000000000
00000000000000000000000000000000
00000000000000000000000000000000
00000000000000000000000000000000
00000000000000000000000000000000
00000000000000000000000000000000
00000000000000000000000000000000
00000000000000000000000000000000
00000000000000000000000000000000
00000000000000000000000000000000
00000000000000000000000000000000
00000000000000000000000000000000
00000000000000000000000000000000
00000000000000000000000000000000
00000000000000000000000000000000
00000000000000000000000000000000
00000000000000000000000000000000
00000000000000000000000000000000
00000000000000000000000000000000
00000000000000000000000000000000
00000000000000000000000000000000
00000000000000000000000000000000
00000000000000000000000000000000
00000000000000000000000000000000
00000000000000000000000000000000
00000000000000000000000000000000
00000000000000000000000000000000
00000000000000000000000000000000
00000000000000000000000000000000
00000000000000000000000000000000
00000000000000000000000000000000
00000000000000000000000000000000
00000000000000000000000000000000
00000000000000000000000000000000
00000000000000000000000000000000
00000000000000000000000000000000
00000000000000000000000000000000
00000000000000000000000000000000
00000000000000000000000000000000
00000000000000000000000000000000
00000000000000000000000000000000
00000000000000000000000000000000
00000000000000000000000000000000
00000000000000000000000000000000
00000000000000000000000000000000
00000000000000000000000000000000
00000000000000000000000000000000
00000000000000000000000000000000
00000000000000000000000000000000
00000000000000000000000000000000
00000000000000000000000000000000
00000000000000000000000000000000
00000000000000000000000000000000
00000000000000000000000000000000
00000000000000000000000000000000
00000000000000000000000000000000
00000000000000000000000000000000
00000000000000000000000000000000
00000000000000000000000000000000
00000000000000000000000000000000
00000000000000000000000000000000
00000000000000000000000000000000
00000000000000000000000000000000
00000000000000000000000000000000
00000000000000000000000000000000
00000000000000000000000000000000
00000000000000000000000000000000
00000000000000000000000000000000
00000000000000000000000000000000
00000000000000000000000000000000
00000000000000000000000000000000
00000000000000000000000000000000
00000000000000000000000000000000
00000000000000000000000000000000
00000000000000000000000000000000
00000000000000000000000000000000
00000000000000000000000000000000
00000000000000000000000000000000
00000000000000000000000000000000
00000000000000000000000000000000
00000000000000000000000000000000
00000000000000000000000000000000
00000000000000000000000000000000
00000000000000000000000000000000
00000000000000000000000000000000
00000000000000000000000000000000
00000000000000000000000000000000
00000000000000000000000000000000
00000000000000000000000000000000
00000000000000000000000000000000
00000000000000000000000000000000
00000000000000000000000000000000
00000000000000000000000000000000
00000000000000000000000000000000
00000000000000000000000000000000
00000000000000000000000000000000
00000000000000000000000000000000
00000000000000000000000000000000
00000000000000000000000000000000
00000000000000000000000000000000
00000000000000000000000000000000
00000000000000000000000000000000
00000000000000000000000000000000
00000000000000000000000000000000
00000000000000000000000000000000
00000000000000000000000000000000
00000000000000000000000000000000
00000000000000000000000000000000
00000000000000000000000000000000
00000000000000000000000000000000
00000000000000000000000000000000
00000000000000000000000000000000
00000000000000000000000000000000
00000000000000000000000000000000
00000000000000000000000000000000
00000000000000000000000000000000
00000000000000000000000000000000
00000000000000000000000000000000
00000000000000000000000000000000
00000000000000000000000000000000
00000000000000000000000000000000
00000000000000000000000000000000
00000000000000000000000000000000
00000000000000000000000000000000
00000000000000000000000000000000
00000000000000000000000000000000
00000000000000000000000000000000
00000000000000000000000000000000
00000000000000000000000000000000
00000000000000000000000000000000
00000000000000000000000000000000
00000000000000000000000000000000
00000000000000000000000000000000
00000000000000000000000000000000
00000000000000000000000000000000
00000000000000000000000000000000
00000000000000000000000000000000
00000000000000000000000000000000
00000000000000000000000000000000
00000000000000000000000000000000
00000000000000000000000000000000
00000000000000000000000000000000
00000000000000000000000000000000
00000000000000000000000000000000
00000000000000000000000000000000
00000000000000000000000000000000
00000000000000000000000000000000
00000000000000000000000000000000
00000000000000000000000000000000
00000000000000000000000000000000
00000000000000000000000000000000
00000000000000000000000000000000
00000000000000000000000000000000
00000000000000000000000000000000
00000000000000000000000000000000
00000000000000000000000000000000
00000000000000000000000000000000
00000000000000000000000000000000
00000000000000000000000000000000
00000000000000000000000000000000
00000000000000000000000000000000
00000000000000000000000000000000
00000000000000000000000000000000
00000000000000000000000000000000
00000000000000000000000000000000
00000000000000000000000000000000
00000000000000000000000000000000
00000000000000000000000000000000
00000000000000000000000000000000
00000000000000000000000000000000
00000000000000000000000000000000
00000000000000000000000000000000
00000000000000000000000000000000
00000000000000000000000000000000
00000000000000000000000000000000
00000000000000000000000000000000
00000000000000000000000000000000
00000000000000000000000000000000
00000000000000000000000000000000
00000000000000000000000000000000
00000000000000000000000000000000
00000000000000000000000000000000
00000000000000000000000000000000
00000000000000000000000000000000
00000000000000000000000000000000
00000000000000000000000000000000
00000000000000000000000000000000
00000000000000000000000000000000
00000000000000000000000000000000
00000000000000000000000000000000
00000000000000000000000000000000
00000000000000000000000000000000
00000000000000000000000000000000
00000000000000000000000000000000
00000000000000000000000000000000
00000000000000000000000000000000
00000000000000000000000000000000
00000000000000000000000000000000
00000000000000000000000000000000
00000000000000000000000000000000
00000000000000000000000000000000
00000000000000000000000000000000
00000000000000000000000000000000
00000000000000000000000000000000
00000000000000000000000000000000
00000000000000000000000000000000
00000000000000000000000000000000
00000000000000000000000000000000
00000000000000000000000000000000
00000000000000000000000000000000
00000000000000000000000000000000
00000000000000000000000000000000
00000000000000000000000000000000
00000000000000000000000000000000
00000000000000000000000000000000
00000000000000000000000000000000
00000000000000000000000000000000
00000000000000000000000000000000
00000000000000000000000000000000
00000000000000000000000000000000
00000000000000000000000000000000
00000000000000000000000000000000
00000000000000000000000000000000
00000000000000000000000000000000
00000000000000000000000000000000
00000000000000000000000000000000
00000000000000000000000000000000
00000000000000000000000000000000
00000000000000000000000000000000
00000000000000000000000000000000
00000000000000000000000000000000
00000000000000000000000000000000
00000000000000000000000000000000
00000000000000000000000000000000
00000000000000000000000000000000
00000000000000000000000000000000
00000000000000000000000000000000
00000000000000000000000000000000
00000000000000000000000000000000
00000000000000000000000000000000
00000000000000000000000000000000
00000000000000000000000000000000
00000000000000000000000000000000
00000000000000000000000000000000
00000000000000000000000000000000
00000000000000000000000000000000
00000000000000000000000000000000
00000000000000000000000000000000
00000000000000000000000000000000
00000000000000000000000000000000
00000000000000000000000000000000
00000000000000000000000000000000
00000000000000000000000000000000
00000000000000000000000000000000
00000000000000000000000000000000
00000000000000000000000000000000
00000000000000000000000000000000
00000000000000000000000000000000
00000000000000000000000000000000
00000000000000000000000000000000
00000000000000000000000000000000
00000000000000000000000000000000
00000000000000000000000000000000
00000000000000000000000000000000
00000000000000000000000000000000
00000000000000000000000000000000
00000000000000000000000000000000
00000000000000000000000000000000
00000000000000000000000000000000
00000000000000000000000000000000
00000000000000000000000000000000
00000000000000000000000000000000
00000000000000000000000000000000
00000000000000000000000000000000
00000000000000000000000000000000
00000000000000000000000000000000
00000000000000000000000000000000
00000000000000000000000000000000
00000000000000000000000000000000
00000000000000000000000000000000
00000000000000000000000000000000
00000000000000000000000000000000
00000000000000000000000000000000
00000000000000000000000000000000
00000000000000000000000000000000
00000000000000000000000000000000
00000000000000000000000000000000
00000000000000000000000000000000
00000000000000000000000000000000
00000000000000000000000000000000
00000000000000000000000000000000
00000000000000000000000000000000
00000000000000000000000000000000
00000000000000000000000000000000
00000000000000000000000000000000
00000000000000000000000000000000
00000000000000000000000000000000
00000000000000000000000000000000
00000000000000000000000000000000
00000000000000000000000000000000
00000000000000000000000000000000
00000000000000000000000000000000
00000000000000000000000000000000
00000000000000000000000000000000
00000000000000000000000000000000
00000000000000000000000000000000
00000000000000000000000000000000
00000000000000000000000000000000
00000000000000000000000000000000
00000000000000000000000000000000
00000000000000000000000000000000
00000000000000000000000000000000
00000000000000000000000000000000
00000000000000000000000000000000
00000000000000000000000000000000
00000000000000000000000000000000
00000000000000000000000000000000
00000000000000000000000000000000
00000000000000000000000000000000
00000000000000000000000000000000
00000000000000000000000000000000
00000000000000000000000000000000
00000000000000000000000000000000
00000000000000000000000000000000
00000000000000000000000000000000
00000000000000000000000000000000
00000000000000000000000000000000
00000000000000000000000000000000
00000000000000000000000000000000
00000000000000000000000000000000
00000000000000000000000000000000
00000000000000000000000000000000
00000000000000000000000000000000
00000000000000000000000000000000
00000000000000000000000000000000
00000000000000000000000000000000
00000000000000000000000000000000
00000000000000000000000000000000
00000000000000000000000000000000
00000000000000000000000000000000
00000000000000000000000000000000
00000000000000000000000000000000
00000000000000000000000000000000
00000000000000000000000000000000
00000000000000000000000000000000
00000000000000000000000000000000
00000000000000000000000000000000
00000000000000000000000000000000
00000000000000000000000000000000
00000000000000000000000000000000
00000000000000000000000000000000
00000000000000000000000000000000
00000000000000000000000000000000
00000000000000000000000000000000
00000000000000000000000000000000
00000000000000000000000000000000
00000000000000000000000000000000
00000000000000000000000000000000
00000000000000000000000000000000
00000000000000000000000000000000
00000000000000000000000000000000
00000000000000000000000000000000
00000000000000000000000000000000
00000000000000000000000000000000
00000000000000000000000000000000
00000000000000000000000000000000
00000000000000000000000000000000
00000000000000000000000000000000
00000000000000000000000000000000
00000000000000000000000000000000
00000000000000000000000000000000
00000000000000000000000000000000
00000000000000000000000000000000
00000000000000000000000000000000
00000000000000000000000000000000
00000000000000000000000000000000
00000000000000000000000000000000
00000000000000000000000000000000
00000000000000000000000000000000
00000000000000000000000000000000
00000000000000000000000000000000
00000000000000000000000000000000
00000000000000000000000000000000
00000000000000000000000000000000
00000000000000000000000000000000
00000000000000000000000000000000
00000000000000000000000000000000
00000000000000000000000000000000
00000000000000000000000000000000
00000000000000000000000000000000
00000000000000000000000000000000
00000000000000000000000000000000
00000000000000000000000000000000
00000000000000000000000000000000
00000000000000000000000000000000
00000000000000000000000000000000
00000000000000000000000000000000
00000000000000000000000000000000
00000000000000000000000000000000
00000000000000000000000000000000
00000000000000000000000000000000
00000000000000000000000000000000
00000000000000000000000000000000
00000000000000000000000000000000
00000000000000000000000000000000
00000000000000000000000000000000
00000000000000000000000000000000
00000000000000000000000000000000
00000000000000000000000000000000
00000000000000000000000000000000
00000000000000000000000000000000
00000000000000000000000000000000
00000000000000000000000000000000
00000000000000000000000000000000
00000000000000000000000000000000
00000000000000000000000000000000
00000000000000000000000000000000
00000000000000000000000000000000
00000000000000000000000000000000
00000000000000000000000000000000
00000000000000000000000000000000
00000000000000000000000000000000
00000000000000000000000000000000
00000000000000000000000000000000
00000000000000000000000000000000
00000000000000000000000000000000
00000000000000000000000000000000
00000000000000000000000000000000
00000000000000000000000000000000
00000000000000000000000000000000
00000000000000000000000000000000
00000000000000000000000000000000
00000000000000000000000000000000
00000000000000000000000000000000
00000000000000000000000000000000
00000000000000000000000000000000
00000000000000000000000000000000
00000000000000000000000000000000
00000000000000000000000000000000
00000000000000000000000000000000
00000000000000000000000000000000
00000000000000000000000000000000
00000000000000000000000000000000
00000000000000000000000000000000
00000000000000000000000000000000
00000000000000000000000000000000
00000000000000000000000000000000
00000000000000000000000000000000
00000000000000000000000000000000
00000000000000000000000000000000
00000000000000000000000000000000
00000000000000000000000000000000
00000000000000000000000000000000
00000000000000000000000000000000
00000000000000000000000000000000
00000000000000000000000000000000
00000000000000000000000000000000
00000000000000000000000000000000
00000000000000000000000000000000
00000000000000000000000000000000
00000000000000000000000000000000
00000000000000000000000000000000
00000000000000000000000000000000
00000000000000000000000000000000
00000000000000000000000000000000
00000000000000000000000000000000
00000000000000000000000000000000
00000000000000000000000000000000
00000000000000000000000000000000
00000000000000000000000000000000
00000000000000000000000000000000
00000000000000000000000000000000
00000000000000000000000000000000
00000000000000000000000000000000
00000000000000000000000000000000
00000000000000000000000000000000
00000000000000000000000000000000
00000000000000000000000000000000
00000000000000000000000000000000
00000000000000000000000000000000
00000000000000000000000000000000
00000000000000000000000000000000
00000000000000000000000000000000
00000000000000000000000000000000
00000000000000000000000000000000
00000000000000000000000000000000
00000000000000000000000000000000
00000000000000000000000000000000
00000000000000000000000000000000
00000000000000000000000000000000
00000000000000000000000000000000
00000000000000000000000000000000
00000000000000000000000000000000
00000000000000000000000000000000
00000000000000000000000000000000
00000000000000000000000000000000
00000000000000000000000000000000
00000000000000000000000000000000
00000000000000000000000000000000
00000000000000000000000000000000
00000000000000000000000000000000
00000000000000000000000000000000
00000000000000000000000000000000
00000000000000000000000000000000
00000000000000000000000000000000
00000000000000000000000000000000
00000000000000000000000000000000
00000000000000000000000000000000
00000000000000000000000000000000
00000000000000000000000000000000
00000000000000000000000000000000
00000000000000000000000000000000
00000000000000000000000000000000
00000000000000000000000000000000
00000000000000000000000000000000
00000000000000000000000000000000
00000000000000000000000000000000
00000000000000000000000000000000
00000000000000000000000000000000
00000000000000000000000000000000
00000000000000000000000000000000
00000000000000000000000000000000
00000000000000000000000000000000
00000000000000000000000000000000
00000000000000000000000000000000
00000000000000000000000000000000
00000000000000000000000000000000
00000000000000000000000000000000
00000000000000000000000000000000
00000000000000000000000000000000
00000000000000000000000000000000
00000000000000000000000000000000
00000000000000000000000000000000
00000000000000000000000000000000
00000000000000000000000000000000
00000000000000000000000000000000
00000000000000000000000000000000
00000000000000000000000000000000
00000000000000000000000000000000
00000000000000000000000000000000
00000000000000000000000000000000
00000000000000000000000000000000
00000000000000000000000000000000
00000000000000000000000000000000
00000000000000000000000000000000
00000000000000000000000000000000
00000000000000000000000000000000
00000000000000000000000000000000
00000000000000000000000000000000
00000000000000000000000000000000
00000000000000000000000000000000
00000000000000000000000000000000
00000000000000000000000000000000
00000000000000000000000000000000
00000000000000000000000000000000
00000000000000000000000000000000
00000000000000000000000000000000
00000000000000000000000000000000
00000000000000000000000000000000
00000000000000000000000000000000
00000000000000000000000000000000
00000000000000000000000000000000
00000000000000000000000000000000
00000000000000000000000000000000
00000000000000000000000000000000
00000000000000000000000000000000
00000000000000000000000000000000
00000000000000000000000000000000
00000000000000000000000000000000
00000000000000000000000000000000
00000000000000000000000000000000
00000000000000000000000000000000
00000000000000000000000000000000
00000000000000000000000000000000
00000000000000000000000000000000
00000000000000000000000000000000
00000000000000000000000000000000
00000000000000000000000000000000
00000000000000000000000000000000
00000000000000000000000000000000
00000000000000000000000000000000
00000000000000000000000000000000
00000000000000000000000000000000
00000000000000000000000000000000
00000000000000000000000000000000
00000000000000000000000000000000
00000000000000000000000000000000
00000000000000000000000000000000
00000000000000000000000000000000
00000000000000000000000000000000
00000000000000000000000000000000
00000000000000000000000000000000
00000000000000000000000000000000
00000000000000000000000000000000
00000000000000000000000000000000
00000000000000000000000000000000
00000000000000000000000000000000
00000000000000000000000000000000
00000000000000000000000000000000
00000000000000000000000000000000
00000000000000000000000000000000
00000000000000000000000000000000
00000000000000000000000000000000
00000000000000000000000000000000
00000000000000000000000000000000
00000000000000000000000000000000
00000000000000000000000000000000
00000000000000000000000000000000
00000000000000000000000000000000
00000000000000000000000000000000
00000000000000000000000000000000
00000000000000000000000000000000
00000000000000000000000000000000
00000000000000000000000000000000
00000000000000000000000000000000
00000000000000000000000000000000
00000000000000000000000000000000
00000000000000000000000000000000
00000000000000000000000000000000
00000000000000000000000000000000
00000000000000000000000000000000
00000000000000000000000000000000
00000000000000000000000000000000
00000000000000000000000000000000
00000000000000000000000000000000
00000000000000000000000000000000
00000000000000000000000000000000
00000000000000000000000000000000
00000000000000000000000000000000
00000000000000000000000000000000
00000000000000000000000000000000
00000000000000000000000000000000
00000000000000000000000000000000
00000000000000000000000000000000
00000000000000000000000000000000
00000000000000000000000000000000
00000000000000000000000000000000
00000000000000000000000000000000
00000000000000000000000000000000
00000000000000000000000000000000
00000000000000000000000000000000
00000000000000000000000000000000
00000000000000000000000000000000
00000000000000000000000000000000
00000000000000000000000000000000
00000000000000000000000000000000
00000000000000000000000000000000
00000000000000000000000000000000
00000000000000000000000000000000
00000000000000000000000000000000
00000000000000000000000000000000
00000000000000000000000000000000
00000000000000000000000000000000
00000000000000000000000000000000
00000000000000000000000000000000
00000000000000000000000000000000
00000000000000000000000000000000
00000000000000000000000000000000
00000000000000000000000000000000
00000000000000000000000000000000
00000000000000000000000000000000
00000000000000000000000000000000
00000000000000000000000000000000
00000000000000000000000000000000
00000000000000000000000000000000
00000000000000000000000000000000
00000000000000000000000000000000
00000000000000000000000000000000
00000000000000000000000000000000
00000000000000000000000000000000
00000000000000000000000000000000
00000000000000000000000000000000
00000000000000000000000000000000
00000000000000000000000000000000
00000000000000000000000000000000
00000000000000000000000000000000
00000000000000000000000000000000
00000000000000000000000000000000
00000000000000000000000000000000
00000000000000000000000000000000
00000000000000000000000000000000
00000000000000000000000000000000
00000000000000000000000000000000
00000000000000000000000000000000
00000000000000000000000000000000
00000000000000000000000000000000
00000000000000000000000000000000
00000000000000000000000000000000
00000000000000000000000000000000
00000000000000000000000000000000
00000000000000000000000000000000
00000000000000000000000000000000
00000000000000000000000000000000
00000000000000000000000000000000
00000000000000000000000000000000
00000000000000000000000000000000
00000000000000000000000000000000
00000000000000000000000000000000
00000000000000000000000000000000
00000000000000000000000000000000
00000000000000000000000000000000
00000000000000000000000000000000
00000000000000000000000000000000
00000000000000000000000000000000
00000000000000000000000000000000
00000000000000000000000000000000
00000000000000000000000000000000
00000000000000000000000000000000
00000000000000000000000000000000
00000000000000000000000000000000
00000000000000000000000000000000
00000000000000000000000000000000
00000000000000000000000000000000
00000000000000000000000000000000
00000000000000000000000000000000
00000000000000000000000000000000
00000000000000000000000000000000
00000000000000000000000000000000
00000000000000000000000000000000
00000000000000000000000000000000
00000000000000000000000000000000
00000000000000000000000000000000
00000000000000000000000000000000
00000000000000000000000000000000
00000000000000000000000000000000
00000000000000000000000000000000
00000000000000000000000000000000
00000000000000000000000000000000
00000000000000000000000000000000
00000000000000000000000000000000
00000000000000000000000000000000
00000000000000000000000000000000
00000000000000000000000000000000
00000000000000000000000000000000
00000000000000000000000000000000
00000000000000000000000000000000
00000000000000000000000000000000
00000000000000000000000000000000
00000000000000000000000000000000
00000000000000000000000000000000
00000000000000000000000000000000
00000000000000000000000000000000
00000000000000000000000000000000
00000000000000000000000000000000
00000000000000000000000000000000
00000000000000000000000000000000
00000000000000000000000000000000
00000000000000000000000000000000
00000000000000000000000000000000
00000000000000000000000000000000
00000000000000000000000000000000
00000000000000000000000000000000
00000000000000000000000000000000
00000000000000000000000000000000
00000000000000000000000000000000
00000000000000000000000000000000
00000000000000000000000000000000
00000000000000000000000000000000
00000000000000000000000000000000
00000000000000000000000000000000
00000000000000000000000000000000
00000000000000000000000000000000
00000000000000000000000000000000
00000000000000000000000000000000
00000000000000000000000000000000
00000000000000000000000000000000
00000000000000000000000000000000
00000000000000000000000000000000
00000000000000000000000000000000
00000000000000000000000000000000
00000000000000000000000000000000
00000000000000000000000000000000
00000000000000000000000000000000
00000000000000000000000000000000
00000000000000000000000000000000
00000000000000000000000000000000
00000000000000000000000000000000
00000000000000000000000000000000
00000000000000000000000000000000
00000000000000000000000000000000
00000000000000000000000000000000
00000000000000000000000000000000
00000000000000000000000000000000
00000000000000000000000000000000
00000000000000000000000000000000
00000000000000000000000000000000
00000000000000000000000000000000
00000000000000000000000000000000
00000000000000000000000000000000
00000000000000000000000000000000
00000000000000000000000000000000
00000000000000000000000000000000
00000000000000000000000000000000
00000000000000000000000000000000
00000000000000000000000000000000
00000000000000000000000000000000
00000000000000000000000000000000
00000000000000000000000000000000
00000000000000000000000000000000
00000000000000000000000000000000
00000000000000000000000000000000
00000000000000000000000000000000
00000000000000000000000000000000
00000000000000000000000000000000
00000000000000000000000000000000
00000000000000000000000000000000
00000000000000000000000000000000
00000000000000000000000000000000
00000000000000000000000000000000
00000000000000000000000000000000
00000000000000000000000000000000
00000000000000000000000000000000
00000000000000000000000000000000
00000000000000000000000000000000
00000000000000000000000000000000
00000000000000000000000000000000
00000000000000000000000000000000
00000000000000000000000000000000
00000000000000000000000000000000
00000000000000000000000000000000
00000000000000000000000000000000
00000000000000000000000000000000
00000000000000000000000000000000
00000000000000000000000000000000
00000000000000000000000000000000
00000000000000000000000000000000
00000000000000000000000000000000
00000000000000000000000000000000
00000000000000000000000000000000
00000000000000000000000000000000
00000000000000000000000000000000
00000000000000000000000000000000
00000000000000000000000000000000
00000000000000000000000000000000
00000000000000000000000000000000
00000000000000000000000000000000
00000000000000000000000000000000
00000000000000000000000000000000
00000000000000000000000000000000
00000000000000000000000000000000
00000000000000000000000000000000
00000000000000000000000000000000
00000000000000000000000000000000
00000000000000000000000000000000
00000000000000000000000000000000
00000000000000000000000000000000
00000000000000000000000000000000
00000000000000000000000000000000
00000000000000000000000000000000
00000000000000000000000000000000
00000000000000000000000000000000
00000000000000000000000000000000
00000000000000000000000000000000
00000000000000000000000000000000
00000000000000000000000000000000
00000000000000000000000000000000
00000000000000000000000000000000
00000000000000000000000000000000
00000000000000000000000000000000
00000000000000000000000000000000
00000000000000000000000000000000
00000000000000000000000000000000
00000000000000000000000000000000
00000000000000000000000000000000
00000000000000000000000000000000
00000000000000000000000000000000
00000000000000000000000000000000
00000000000000000000000000000000
00000000000000000000000000000000
00000000000000000000000000000000
00000000000000000000000000000000
00000000000000000000000000000000
00000000000000000000000000000000
00000000000000000000000000000000
00000000000000000000000000000000
00000000000000000000000000000000
00000000000000000000000000000000
00000000000000000000000000000000
00000000000000000000000000000000
00000000000000000000000000000000
00000000000000000000000000000000
00000000000000000000000000000000
00000000000000000000000000000000
00000000000000000000000000000000
00000000000000000000000000000000
00000000000000000000000000000000
00000000000000000000000000000000
00000000000000000000000000000000
00000000000000000000000000000000
00000000000000000000000000000000
00000000000000000000000000000000
00000000000000000000000000000000
00000000000000000000000000000000
00000000000000000000000000000000
00000000000000000000000000000000
00000000000000000000000000000000
00000000000000000000000000000000
00000000000000000000000000000000
00000000000000000000000000000000
00000000000000000000000000000000
00000000000000000000000000000000
00000000000000000000000000000000
00000000000000000000000000000000
00000000000000000000000000000000
00000000000000000000000000000000
00000000000000000000000000000000
00000000000000000000000000000000
00000000000000000000000000000000
00000000000000000000000000000000
00000000000000000000000000000000
00000000000000000000000000000000
00000000000000000000000000000000
00000000000000000000000000000000
00000000000000000000000000000000
00000000000000000000000000000000
00000000000000000000000000000000
00000000000000000000000000000000
00000000000000000000000000000000
00000000000000000000000000000000
00000000000000000000000000000000
00000000000000000000000000000000
00000000000000000000000000000000
00000000000000000000000000000000
00000000000000000000000000000000
00000000000000000000000000000000
00000000000000000000000000000000
00000000000000000000000000000000
00000000000000000000000000000000
00000000000000000000000000000000
00000000000000000000000000000000
00000000000000000000000000000000
00000000000000000000000000000000
00000000000000000000000000000000
00000000000000000000000000000000
00000000000000000000000000000000
00000000000000000000000000000000
00000000000000000000000000000000
00000000000000000000000000000000
00000000000000000000000000000000
00000000000000000000000000000000
00000000000000000000000000000000
00000000000000000000000000000000
00000000000000000000000000000000
00000000000000000000000000000000
00000000000000000000000000000000
00000000000000000000000000000000
00000000000000000000000000000000
00000000000000000000000000000000
00000000000000000000000000000000
00000000000000000000000000000000
00000000000000000000000000000000
00000000000000000000000000000000
00000000000000000000000000000000
00000000000000000000000000000000
00000000000000000000000000000000
00000000000000000000000000000000
00000000000000000000000000000000
00000000000000000000000000000000
00000000000000000000000000000000
00000000000000000000000000000000
00000000000000000000000000000000
00000000000000000000000000000000
00000000000000000000000000000000
00000000000000000000000000000000
00000000000000000000000000000000
00000000000000000000000000000000
00000000000000000000000000000000
00000000000000000000000000000000
00000000000000000000000000000000
00000000000000000000000000000000
00000000000000000000000000000000
00000000000000000000000000000000
00000000000000000000000000000000
00000000000000000000000000000000
00000000000000000000000000000000
00000000000000000000000000000000
00000000000000000000000000000000
00000000000000000000000000000000
00000000000000000000000000000000
00000000000000000000000000000000
00000000000000000000000000000000
00000000000000000000000000000000
00000000000000000000000000000000
00000000000000000000000000000000
00000000000000000000000000000000
00000000000000000000000000000000
00000000000000000000000000000000
00000000000000000000000000000000
00000000000000000000000000000000
00000000000000000000000000000000
00000000000000000000000000000000
00000000000000000000000000000000
00000000000000000000000000000000
00000000000000000000000000000000
00000000000000000000000000000000
00000000000000000000000000000000
00000000000000000000000000000000
00000000000000000000000000000000
00000000000000000000000000000000
00000000000000000000000000000000
00000000000000000000000000000000
00000000000000000000000000000000
00000000000000000000000000000000
00000000000000000000000000000000
00000000000000000000000000000000
00000000000000000000000000000000
00000000000000000000000000000000
00000000000000000000000000000000
00000000000000000000000000000000
00000000000000000000000000000000
00000000000000000000000000000000
00000000000000000000000000000000
00000000000000000000000000000000
00000000000000000000000000000000
00000000000000000000000000000000
00000000000000000000000000000000
00000000000000000000000000000000
00000000000000000000000000000000
00000000000000000000000000000000
00000000000000000000000000000000
00000000000000000000000000000000
00000000000000000000000000000000
00000000000000000000000000000000
00000000000000000000000000000000
00000000000000000000000000000000
00000000000000000000000000000000
00000000000000000000000000000000
00000000000000000000000000000000
00000000000000000000000000000000
00000000000000000000000000000000
00000000000000000000000000000000
00000000000000000000000000000000
00000000000000000000000000000000
00000000000000000000000000000000
00000000000000000000000000000000
00000000000000000000000000000000
00000000000000000000000000000000
00000000000000000000000000000000
00000000000000000000000000000000
00000000000000000000000000000000
00000000000000000000000000000000
00000000000000000000000000000000
00000000000000000000000000000000
00000000000000000000000000000000
00000000000000000000000000000000
00000000000000000000000000000000
00000000000000000000000000000000
00000000000000000000000000000000
00000000000000000000000000000000
00000000000000000000000000000000
00000000000000000000000000000000
00000000000000000000000000000000
00000000000000000000000000000000
00000000000000000000000000000000
00000000000000000000000000000000
00000000000000000000000000000000
00000000000000000000000000000000
00000000000000000000000000000000
00000000000000000000000000000000
00000000000000000000000000000000
00000000000000000000000000000000
00000000000000000000000000000000
00000000000000000000000000000000
00000000000000000000000000000000
00000000000000000000000000000000
00000000000000000000000000000000
00000000000000000000000000000000
00000000000000000000000000000000
00000000000000000000000000000000
00000000000000000000000000000000
00000000000000000000000000000000
00000000000000000000000000000000
00000000000000000000000000000000
00000000000000000000000000000000
00000000000000000000000000000000
00000000000000000000000000000000
00000000000000000000000000000000
00000000000000000000000000000000
00000000000000000000000000000000
00000000000000000000000000000000
00000000000000000000000000000000
00000000000000000000000000000000
00000000000000000000000000000000
00000000000000000000000000000000
00000000000000000000000000000000
00000000000000000000000000000000
00000000000000000000000000000000
00000000000000000000000000000000
00000000000000000000000000000000
00000000000000000000000000000000
00000000000000000000000000000000
00000000000000000000000000000000
00000000000000000000000000000000
00000000000000000000000000000000
00000000000000000000000000000000
00000000000000000000000000000000
00000000000000000000000000000000
00000000000000000000000000000000
00000000000000000000000000000000
00000000000000000000000000000000
00000000000000000000000000000000
00000000000000000000000000000000
00000000000000000000000000000000
00000000000000000000000000000000
00000000000000000000000000000000
00000000000000000000000000000000
00000000000000000000000000000000
00000000000000000000000000000000
00000000000000000000000000000000
00000000000000000000000000000000
00000000000000000000000000000000
00000000000000000000000000000000
00000000000000000000000000000000
00000000000000000000000000000000
00000000000000000000000000000000
00000000000000000000000000000000
00000000000000000000000000000000
00000000000000000000000000000000
00000000000000000000000000000000
00000000000000000000000000000000
00000000000000000000000000000000
00000000000000000000000000000000
00000000000000000000000000000000
00000000000000000000000000000000
00000000000000000000000000000000
00000000000000000000000000000000
00000000000000000000000000000000
00000000000000000000000000000000
00000000000000000000000000000000
00000000000000000000000000000000
00000000000000000000000000000000
00000000000000000000000000000000
00000000000000000000000000000000
00000000000000000000000000000000
00000000000000000000000000000000
00000000000000000000000000000000
00000000000000000000000000000000
00000000000000000000000000000000
00000000000000000000000000000000
00000000000000000000000000000000
00000000000000000000000000000000
00000000000000000000000000000000
00000000000000000000000000000000
00000000000000000000000000000000
00000000000000000000000000000000
00000000000000000000000000000000
00000000000000000000000000000000
00000000000000000000000000000000
00000000000000000000000000000000
00000000000000000000000000000000
00000000000000000000000000000000
00000000000000000000000000000000
00000000000000000000000000000000
00000000000000000000000000000000
00000000000000000000000000000000
00000000000000000000000000000000
00000000000000000000000000000000
00000000000000000000000000000000
00000000000000000000000000000000
00000000000000000000000000000000
00000000000000000000000000000000
00000000000000000000000000000000
00000000000000000000000000000000
00000000000000000000000000000000
00000000000000000000000000000000
00000000000000000000000000000000
00000000000000000000000000000000
00000000000000000000000000000000
00000000000000000000000000000000
00000000000000000000000000000000
00000000000000000000000000000000
00000000000000000000000000000000
00000000000000000000000000000000
00000000000000000000000000000000
00000000000000000000000000000000
00000000000000000000000000000000
00000000000000000000000000000000
00000000000000000000000000000000
00000000000000000000000000000000
00000000000000000000000000000000
00000000000000000000000000000000
00000000000000000000000000000000
00000000000000000000000000000000
00000000000000000000000000000000
00000000000000000000000000000000
00000000000000000000000000000000
00000000000000000000000000000000
00000000000000000000000000000000
00000000000000000000000000000000
00000000000000000000000000000000
00000000000000000000000000000000
00000000000000000000000000000000
00000000000000000000000000000000
00000000000000000000000000000000
00000000000000000000000000000000
00000000000000000000000000000000
00000000000000000000000000000000
00000000000000000000000000000000
00000000000000000000000000000000
00000000000000000000000000000000
00000000000000000000000000000000
00000000000000000000000000000000
00000000000000000000000000000000
00000000000000000000000000000000
00000000000000000000000000000000
00000000000000000000000000000000
00000000000000000000000000000000
00000000000000000000000000000000
00000000000000000000000000000000
00000000000000000000000000000000
00000000000000000000000000000000
00000000000000000000000000000000
00000000000000000000000000000000
00000000000000000000000000000000
00000000000000000000000000000000
00000000000000000000000000000000
00000000000000000000000000000000
00000000000000000000000000000000
00000000000000000000000000000000
00000000000000000000000000000000
00000000000000000000000000000000
00000000000000000000000000000000
00000000000000000000000000000000
00000000000000000000000000000000
00000000000000000000000000000000
00000000000000000000000000000000
00000000000000000000000000000000
00000000000000000000000000000000
00000000000000000000000000000000
00000000000000000000000000000000
00000000000000000000000000000000
00000000000000000000000000000000
00000000000000000000000000000000
00000000000000000000000000000000
00000000000000000000000000000000
00000000000000000000000000000000
00000000000000000000000000000000
00000000000000000000000000000000
00000000000000000000000000000000
00000000000000000000000000000000
00000000000000000000000000000000
00000000000000000000000000000000
00000000000000000000000000000000
00000000000000000000000000000000
00000000000000000000000000000000
00000000000000000000000000000000
00000000000000000000000000000000
00000000000000000000000000000000
00000000000000000000000000000000
00000000000000000000000000000000
00000000000000000000000000000000
00000000000000000000000000000000
00000000000000000000000000000000
00000000000000000000000000000000
00000000000000000000000000000000
00000000000000000000000000000000
00000000000000000000000000000000
00000000000000000000000000000000
00000000000000000000000000000000
00000000000000000000000000000000
00000000000000000000000000000000
00000000000000000000000000000000
00000000000000000000000000000000
00000000000000000000000000000000
00000000000000000000000000000000
00000000000000000000000000000000
00000000000000000000000000000000
00000000000000000000000000000000
00000000000000000000000000000000
00000000000000000000000000000000
00000000000000000000000000000000
00000000000000000000000000000000
00000000000000000000000000000000
00000000000000000000000000000000
00000000000000000000000000000000
00000000000000000000000000000000
00000000000000000000000000000000
00000000000000000000000000000000
00000000000000000000000000000000
00000000000000000000000000000000
00000000000000000000000000000000
00000000000000000000000000000000
00000000000000000000000000000000
00000000000000000000000000000000
00000000000000000000000000000000
00000000000000000000000000000000
00000000000000000000000000000000
00000000000000000000000000000000
00000000000000000000000000000000
00000000000000000000000000000000
00000000000000000000000000000000
00000000000000000000000000000000
00000000000000000000000000000000
00000000000000000000000000000000
00000000000000000000000000000000
00000000000000000000000000000000
00000000000000000000000000000000
00000000000000000000000000000000
00000000000000000000000000000000
00000000000000000000000000000000
00000000000000000000000000000000
00000000000000000000000000000000
00000000000000000000000000000000
00000000000000000000000000000000
00000000000000000000000000000000
00000000000000000000000000000000
00000000000000000000000000000000
00000000000000000000000000000000
00000000000000000000000000000000
00000000000000000000000000000000
00000000000000000000000000000000
00000000000000000000000000000000
00000000000000000000000000000000
00000000000000000000000000000000
00000000000000000000000000000000
00000000000000000000000000000000
00000000000000000000000000000000
00000000000000000000000000000000
00000000000000000000000000000000
00000000000000000000000000000000
00000000000000000000000000000000
00000000000000000000000000000000
00000000000000000000000000000000
00000000000000000000000000000000
00000000000000000000000000000000
00000000000000000000000000000000
00000000000000000000000000000000
00000000000000000000000000000000
00000000000000000000000000000000
00000000000000000000000000000000
00000000000000000000000000000000
00000000000000000000000000000000
00000000000000000000000000000000
00000000000000000000000000000000
00000000000000000000000000000000
00000000000000000000000000000000
00000000000000000000000000000000
00000000000000000000000000000000
00000000000000000000000000000000
00000000000000000000000000000000
00000000000000000000000000000000
00000000000000000000000000000000
00000000000000000000000000000000
00000000000000000000000000000000
00000000000000000000000000000000
00000000000000000000000000000000
00000000000000000000000000000000
00000000000000000000000000000000
00000000000000000000000000000000
00000000000000000000000000000000
00000000000000000000000000000000
00000000000000000000000000000000
00000000000000000000000000000000
00000000000000000000000000000000
00000000000000000000000000000000
00000000000000000000000000000000
00000000000000000000000000000000
00000000000000000000000000000000
00000000000000000000000000000000
00000000000000000000000000000000
00000000000000000000000000000000
00000000000000000000000000000000
00000000000000000000000000000000
00000000000000000000000000000000
00000000000000000000000000000000
00000000000000000000000000000000
00000000000000000000000000000000
00000000000000000000000000000000
00000000000000000000000000000000
00000000000000000000000000000000
00000000000000000000000000000000
00000000000000000000000000000000
00000000000000000000000000000000
00000000000000000000000000000000
00000000000000000000000000000000
00000000000000000000000000000000
00000000000000000000000000000000
00000000000000000000000000000000
00000000000000000000000000000000
00000000000000000000000000000000
00000000000000000000000000000000
00000000000000000000000000000000
00000000000000000000000000000000
00000000000000000000000000000000
00000000000000000000000000000000
00000000000000000000000000000000
00000000000000000000000000000000
00000000000000000000000000000000
00000000000000000000000000000000
00000000000000000000000000000000
00000000000000000000000000000000
00000000000000000000000000000000
00000000000000000000000000000000
00000000000000000000000000000000
00000000000000000000000000000000
00000000000000000000000000000000
00000000000000000000000000000000
00000000000000000000000000000000
00000000000000000000000000000000
00000000000000000000000000000000
00000000000000000000000000000000
00000000000000000000000000000000
00000000000000000000000000000000
00000000000000000000000000000000
00000000000000000000000000000000
00000000000000000000000000000000
00000000000000000000000000000000
00000000000000000000000000000000
00000000000000000000000000000000
00000000000000000000000000000000
00000000000000000000000000000000
00000000000000000000000000000000
00000000000000000000000000000000
00000000000000000000000000000000
00000000000000000000000000000000
00000000000000000000000000000000
00000000000000000000000000000000
00000000000000000000000000000000
00000000000000000000000000000000
00000000000000000000000000000000
00000000000000000000000000000000
00000000000000000000000000000000
00000000000000000000000000000000
00000000000000000000000000000000
00000000000000000000000000000000
00000000000000000000000000000000
00000000000000000000000000000000
00000000000000000000000000000000
00000000000000000000000000000000
00000000000000000000000000000000
00000000000000000000000000000000
00000000000000000000000000000000
00000000000000000000000000000000
00000000000000000000000000000000
00000000000000000000000000000000
00000000000000000000000000000000
00000000000000000000000000000000
00000000000000000000000000000000
00000000000000000000000000000000
00000000000000000000000000000000
00000000000000000000000000000000
00000000000000000000000000000000
00000000000000000000000000000000
00000000000000000000000000000000
00000000000000000000000000000000
00000000000000000000000000000000
00000000000000000000000000000000
00000000000000000000000000000000
00000000000000000000000000000000
00000000000000000000000000000000
00000000000000000000000000000000
00000000000000000000000000000000
00000000000000000000000000000000
00000000000000000000000000000000
00000000000000000000000000000000
00000000000000000000000000000000
00000000000000000000000000000000
00000000000000000000000000000000
00000000000000000000000000000000
00000000000000000000000000000000
00000000000000000000000000000000
00000000000000000000000000000000
00000000000000000000000000000000
00000000000000000000000000000000
00000000000000000000000000000000
00000000000000000000000000000000
00000000000000000000000000000000
00000000000000000000000000000000
00000000000000000000000000000000
00000000000000000000000000000000
00000000000000000000000000000000
00000000000000000000000000000000
00000000000000000000000000000000
00000000000000000000000000000000
00000000000000000000000000000000
00000000000000000000000000000000
00000000000000000000000000000000
00000000000000000000000000000000
00000000000000000000000000000000
00000000000000000000000000000000
00000000000000000000000000000000
00000000000000000000000000000000
00000000000000000000000000000000
00000000000000000000000000000000
00000000000000000000000000000000
00000000000000000000000000000000
00000000000000000000000000000000
00000000000000000000000000000000
00000000000000000000000000000000
00000000000000000000000000000000
00000000000000000000000000000000
00000000000000000000000000000000
00000000000000000000000000000000
00000000000000000000000000000000
00000000000000000000000000000000
00000000000000000000000000000000
00000000000000000000000000000000
00000000000000000000000000000000
00000000000000000000000000000000
00000000000000000000000000000000
00000000000000000000000000000000
00000000000000000000000000000000
00000000000000000000000000000000
00000000000000000000000000000000
00000000000000000000000000000000
00000000000000000000000000000000
00000000000000000000000000000000
00000000000000000000000000000000
00000000000000000000000000000000
00000000000000000000000000000000
00000000000000000000000000000000
00000000000000000000000000000000
00000000000000000000000000000000
00000000000000000000000000000000
00000000000000000000000000000000
00000000000000000000000000000000
00000000000000000000000000000000
00000000000000000000000000000000
00000000000000000000000000000000
00000000000000000000000000000000
00000000000000000000000000000000
00000000000000000000000000000000
00000000000000000000000000000000
00000000000000000000000000000000
00000000000000000000000000000000
00000000000000000000000000000000
00000000000000000000000000000000
00000000000000000000000000000000
00000000000000000000000000000000
00000000000000000000000000000000
00000000000000000000000000000000
00000000000000000000000000000000
00000000000000000000000000000000
00000000000000000000000000000000
00000000000000000000000000000000
00000000000000000000000000000000
00000000000000000000000000000000
00000000000000000000000000000000
00000000000000000000000000000000
00000000000000000000000000000000
00000000000000000000000000000000
00000000000000000000000000000000
00000000000000000000000000000000
00000000000000000000000000000000
00000000000000000000000000000000
00000000000000000000000000000000
00000000000000000000000000000000
00000000000000000000000000000000
00000000000000000000000000000000
00000000000000000000000000000000
00000000000000000000000000000000
00000000000000000000000000000000
00000000000000000000000000000000
00000000000000000000000000000000
00000000000000000000000000000000
00000000000000000000000000000000
00000000000000000000000000000000
00000000000000000000000000000000
00000000000000000000000000000000
00000000000000000000000000000000
00000000000000000000000000000000
00000000000000000000000000000000
00000000000000000000000000000000
00000000000000000000000000000000
00000000000000000000000000000000
00000000000000000000000000000000
00000000000000000000000000000000
00000000000000000000000000000000
00000000000000000000000000000000
00000000000000000000000000000000
00000000000000000000000000000000
00000000000000000000000000000000
00000000000000000000000000000000
00000000000000000000000000000000
00000000000000000000000000000000
00000000000000000000000000000000
00000000000000000000000000000000
00000000000000000000000000000000
00000000000000000000000000000000
00000000000000000000000000000000
00000000000000000000000000000000
00000000000000000000000000000000
00000000000000000000000000000000
00000000000000000000000000000000
00000000000000000000000000000000
00000000000000000000000000000000
00000000000000000000000000000000
00000000000000000000000000000000
00000000000000000000000000000000
00000000000000000000000000000000
00000000000000000000000000000000
00000000000000000000000000000000
00000000000000000000000000000000
00000000000000000000000000000000
00000000000000000000000000000000
00000000000000000000000000000000
00000000000000000000000000000000
00000000000000000000000000000000
00000000000000000000000000000000
00000000000000000000000000000000
00000000000000000000000000000000
00000000000000000000000000000000
00000000000000000000000000000000
00000000000000000000000000000000
00000000000000000000000000000000
00000000000000000000000000000000
00000000000000000000000000000000
00000000000000000000000000000000
00000000000000000000000000000000
00000000000000000000000000000000
00000000000000000000000000000000
00000000000000000000000000000000
00000000000000000000000000000000
00000000000000000000000000000000
00000000000000000000000000000000
00000000000000000000000000000000
00000000000000000000000000000000
00000000000000000000000000000000
00000000000000000000000000000000
00000000000000000000000000000000
00000000000000000000000000000000
00000000000000000000000000000000
00000000000000000000000000000000
00000000000000000000000000000000
00000000000000000000000000000000
00000000000000000000000000000000
00000000000000000000000000000000
00000000000000000000000000000000
00000000000000000000000000000000
00000000000000000000000000000000
00000000000000000000000000000000
00000000000000000000000000000000
00000000000000000000000000000000
00000000000000000000000000000000
00000000000000000000000000000000
00000000000000000000000000000000
00000000000000000000000000000000
00000000000000000000000000000000
00000000000000000000000000000000
00000000000000000000000000000000
00000000000000000000000000000000
00000000000000000000000000000000
00000000000000000000000000000000
00000000000000000000000000000000
00000000000000000000000000000000
00000000000000000000000000000000
00000000000000000000000000000000
00000000000000000000000000000000
00000000000000000000000000000000
00000000000000000000000000000000
00000000000000000000000000000000
00000000000000000000000000000000
00000000000000000000000000000000
00000000000000000000000000000000
00000000000000000000000000000000
00000000000000000000000000000000
00000000000000000000000000000000
00000000000000000000000000000000
00000000000000000000000000000000
00000000000000000000000000000000
00000000000000000000000000000000
00000000000000000000000000000000
00000000000000000000000000000000
00000000000000000000000000000000
00000000000000000000000000000000
00000000000000000000000000000000
00000000000000000000000000000000
00000000000000000000000000000000
00000000000000000000000000000000
00000000000000000000000000000000
00000000000000000000000000000000
00000000000000000000000000000000
00000000000000000000000000000000
00000000000000000000000000000000
00000000000000000000000000000000
00000000000000000000000000000000
00000000000000000000000000000000
00000000000000000000000000000000
00000000000000000000000000000000
00000000000000000000000000000000
00000000000000000000000000000000
00000000000000000000000000000000
00000000000000000000000000000000
00000000000000000000000000000000
00000000000000000000000000000000
00000000000000000000000000000000
00000000000000000000000000000000
00000000000000000000000000000000
00000000000000000000000000000000
00000000000000000000000000000000
00000000000000000000000000000000
00000000000000000000000000000000
00000000000000000000000000000000
00000000000000000000000000000000
00000000000000000000000000000000
00000000000000000000000000000000
00000000000000000000000000000000
00000000000000000000000000000000
00000000000000000000000000000000
00000000000000000000000000000000
00000000000000000000000000000000
00000000000000000000000000000000
00000000000000000000000000000000
00000000000000000000000000000000
00000000000000000000000000000000
00000000000000000000000000000000
00000000000000000000000000000000
00000000000000000000000000000000
00000000000000000000000000000000
00000000000000000000000000000000
00000000000000000000000000000000
00000000000000000000000000000000
00000000000000000000000000000000
00000000000000000000000000000000
00000000000000000000000000000000
00000000000000000000000000000000
00000000000000000000000000000000
00000000000000000000000000000000
00000000000000000000000000000000
00000000000000000000000000000000
00000000000000000000000000000000
00000000000000000000000000000000
00000000000000000000000000000000
00000000000000000000000000000000
00000000000000000000000000000000
00000000000000000000000000000000
00000000000000000000000000000000
00000000000000000000000000000000
00000000000000000000000000000000
00000000000000000000000000000000
00000000000000000000000000000000
00000000000000000000000000000000
00000000000000000000000000000000
00000000000000000000000000000000
00000000000000000000000000000000
00000000000000000000000000000000
00000000000000000000000000000000
00000000000000000000000000000000
00000000000000000000000000000000
00000000000000000000000000000000
00000000000000000000000000000000
00000000000000000000000000000000
00000000000000000000000000000000
00000000000000000000000000000000
00000000000000000000000000000000
00000000000000000000000000000000
00000000000000000000000000000000
00000000000000000000000000000000
00000000000000000000000000000000
00000000000000000000000000000000
00000000000000000000000000000000
00000000000000000000000000000000
00000000000000000000000000000000
00000000000000000000000000000000
00000000000000000000000000000000
00000000000000000000000000000000
00000000000000000000000000000000
00000000000000000000000000000000
00000000000000000000000000000000
00000000000000000000000000000000
00000000000000000000000000000000
00000000000000000000000000000000
00000000000000000000000000000000
00000000000000000000000000000000
00000000000000000000000000000000
00000000000000000000000000000000
00000000000000000000000000000000
00000000000000000000000000000000
00000000000000000000000000000000
00000000000000000000000000000000
00000000000000000000000000000000
00000000000000000000000000000000
00000000000000000000000000000000
00000000000000000000000000000000
00000000000000000000000000000000
00000000000000000000000000000000
00000000000000000000000000000000
00000000000000000000000000000000
00000000000000000000000000000000
00000000000000000000000000000000
00000000000000000000000000000000
00000000000000000000000000000000
00000000000000000000000000000000
00000000000000000000000000000000
00000000000000000000000000000000
00000000000000000000000000000000
00000000000000000000000000000000
00000000000000000000000000000000
00000000000000000000000000000000
00000000000000000000000000000000
00000000000000000000000000000000
00000000000000000000000000000000
00000000000000000000000000000000
00000000000000000000000000000000
00000000000000000000000000000000
00000000000000000000000000000000
00000000000000000000000000000000
00000000000000000000000000000000
00000000000000000000000000000000
00000000000000000000000000000000
00000000000000000000000000000000
00000000000000000000000000000000
00000000000000000000000000000000
00000000000000000000000000000000
00000000000000000000000000000000
00000000000000000000000000000000
00000000000000000000000000000000
00000000000000000000000000000000
00000000000000000000000000000000
00000000000000000000000000000000
00000000000000000000000000000000
00000000000000000000000000000000
00000000000000000000000000000000
00000000000000000000000000000000
00000000000000000000000000000000
00000000000000000000000000000000
00000000000000000000000000000000
00000000000000000000000000000000
00000000000000000000000000000000
00000000000000000000000000000000
00000000000000000000000000000000
00000000000000000000000000000000
00000000000000000000000000000000
00000000000000000000000000000000
00000000000000000000000000000000
00000000000000000000000000000000
00000000000000000000000000000000
00000000000000000000000000000000
00000000000000000000000000000000
00000000000000000000000000000000
00000000000000000000000000000000
00000000000000000000000000000000
00000000000000000000000000000000
00000000000000000000000000000000
00000000000000000000000000000000
00000000000000000000000000000000
00000000000000000000000000000000
00000000000000000000000000000000
00000000000000000000000000000000
00000000000000000000000000000000
00000000000000000000000000000000
00000000000000000000000000000000
00000000000000000000000000000000
00000000000000000000000000000000
00000000000000000000000000000000
00000000000000000000000000000000
00000000000000000000000000000000
00000000000000000000000000000000
00000000000000000000000000000000
00000000000000000000000000000000
00000000000000000000000000000000
00000000000000000000000000000000
00000000000000000000000000000000
00000000000000000000000000000000
00000000000000000000000000000000
00000000000000000000000000000000
00000000000000000000000000000000
00000000000000000000000000000000
00000000000000000000000000000000
00000000000000000000000000000000
00000000000000000000000000000000
00000000000000000000000000000000
00000000000000000000000000000000
00000000000000000000000000000000
00000000000000000000000000000000
00000000000000000000000000000000
00000000000000000000000000000000
00000000000000000000000000000000
00000000000000000000000000000000
00000000000000000000000000000000
00000000000000000000000000000000
00000000000000000000000000000000
00000000000000000000000000000000
00000000000000000000000000000000
00000000000000000000000000000000
00000000000000000000000000000000
00000000000000000000000000000000
00000000000000000000000000000000
00000000000000000000000000000000
00000000000000000000000000000000
00000000000000000000000000000000
00000000000000000000000000000000
00000000000000000000000000000000
00000000000000000000000000000000
00000000000000000000000000000000
00000000000000000000000000000000
00000000000000000000000000000000
00000000000000000000000000000000
00000000000000000000000000000000
00000000000000000000000000000000
00000000000000000000000000000000
00000000000000000000000000000000
00000000000000000000000000000000
00000000000000000000000000000000
00000000000000000000000000000000
00000000000000000000000000000000
00000000000000000000000000000000
00000000000000000000000000000000
00000000000000000000000000000000
00000000000000000000000000000000
00000000000000000000000000000000
00000000000000000000000000000000
00000000000000000000000000000000
00000000000000000000000000000000
00000000000000000000000000000000
00000000000000000000000000000000
00000000000000000000000000000000
00000000000000000000000000000000
00000000000000000000000000000000
00000000000000000000000000000000
00000000000000000000000000000000
00000000000000000000000000000000
00000000000000000000000000000000
00000000000000000000000000000000
00000000000000000000000000000000
00000000000000000000000000000000
00000000000000000000000000000000
00000000000000000000000000000000
00000000000000000000000000000000
00000000000000000000000000000000
00000000000000000000000000000000
00000000000000000000000000000000
00000000000000000000000000000000
00000000000000000000000000000000
00000000000000000000000000000000
00000000000000000000000000000000
00000000000000000000000000000000
00000000000000000000000000000000
00000000000000000000000000000000
00000000000000000000000000000000
00000000000000000000000000000000
00000000000000000000000000000000
00000000000000000000000000000000
00000000000000000000000000000000
00000000000000000000000000000000
00000000000000000000000000000000
00000000000000000000000000000000
00000000000000000000000000000000
00000000000000000000000000000000
00000000000000000000000000000000
00000000000000000000000000000000
00000000000000000000000000000000
00000000000000000000000000000000
00000000000000000000000000000000
00000000000000000000000000000000
00000000000000000000000000000000
00000000000000000000000000000000
00000000000000000000000000000000
00000000000000000000000000000000
00000000000000000000000000000000
00000000000000000000000000000000
00000000000000000000000000000000
00000000000000000000000000000000
00000000000000000000000000000000
00000000000000000000000000000000
00000000000000000000000000000000
00000000000000000000000000000000
00000000000000000000000000000000
00000000000000000000000000000000
00000000000000000000000000000000
00000000000000000000000000000000
00000000000000000000000000000000
00000000000000000000000000000000
00000000000000000000000000000000
00000000000000000000000000000000
00000000000000000000000000000000
00000000000000000000000000000000
00000000000000000000000000000000
00000000000000000000000000000000
00000000000000000000000000000000
00000000000000000000000000000000
00000000000000000000000000000000
00000000000000000000000000000000
00000000000000000000000000000000
00000000000000000000000000000000
00000000000000000000000000000000
00000000000000000000000000000000
00000000000000000000000000000000
00000000000000000000000000000000
00000000000000000000000000000000
00000000000000000000000000000000
00000000000000000000000000000000
00000000000000000000000000000000
00000000000000000000000000000000
00000000000000000000000000000000
00000000000000000000000000000000
00000000000000000000000000000000
00000000000000000000000000000000
00000000000000000000000000000000
00000000000000000000000000000000
00000000000000000000000000000000
00000000000000000000000000000000
00000000000000000000000000000000
00000000000000000000000000000000
00000000000000000000000000000000
00000000000000000000000000000000
00000000000000000000000000000000
00000000000000000000000000000000
00000000000000000000000000000000
00000000000000000000000000000000
00000000000000000000000000000000
00000000000000000000000000000000
00000000000000000000000000000000
00000000000000000000000000000000
00000000000000000000000000000000
00000000000000000000000000000000
00000000000000000000000000000000
00000000000000000000000000000000
00000000000000000000000000000000
00000000000000000000000000000000
00000000000000000000000000000000
00000000000000000000000000000000
00000000000000000000000000000000
00000000000000000000000000000000
00000000000000000000000000000000
00000000000000000000000000000000
00000000000000000000000000000000
00000000000000000000000000000000
00000000000000000000000000000000
00000000000000000000000000000000
00000000000000000000000000000000
00000000000000000000000000000000
00000000000000000000000000000000
00000000000000000000000000000000
00000000000000000000000000000000
00000000000000000000000000000000
00000000000000000000000000000000
00000000000000000000000000000000
00000000000000000000000000000000
00000000000000000000000000000000
00000000000000000000000000000000
00000000000000000000000000000000
00000000000000000000000000000000
00000000000000000000000000000000
00000000000000000000000000000000
00000000000000000000000000000000
00000000000000000000000000000000
00000000000000000000000000000000
00000000000000000000000000000000
00000000000000000000000000000000
00000000000000000000000000000000
00000000000000000000000000000000
00000000000000000000000000000000
00000000000000000000000000000000
00000000000000000000000000000000
00000000000000000000000000000000
00000000000000000000000000000000
00000000000000000000000000000000
00000000000000000000000000000000
00000000000000000000000000000000
00000000000000000000000000000000
00000000000000000000000000000000
00000000000000000000000000000000
00000000000000000000000000000000
00000000000000000000000000000000
00000000000000000000000000000000
00000000000000000000000000000000
00000000000000000000000000000000
00000000000000000000000000000000
00000000000000000000000000000000
00000000000000000000000000000000
00000000000000000000000000000000
00000000000000000000000000000000
00000000000000000000000000000000
00000000000000000000000000000000
00000000000000000000000000000000
00000000000000000000000000000000
00000000000000000000000000000000
00000000000000000000000000000000
00000000000000000000000000000000
00000000000000000000000000000000
00000000000000000000000000000000
00000000000000000000000000000000
00000000000000000000000000000000
00000000000000000000000000000000
00000000000000000000000000000000
00000000000000000000000000000000
00000000000000000000000000000000
00000000000000000000000000000000
00000000000000000000000000000000
00000000000000000000000000000000
00000000000000000000000000000000
00000000000000000000000000000000
00000000000000000000000000000000
00000000000000000000000000000000
00000000000000000000000000000000
00000000000000000000000000000000
00000000000000000000000000000000
00000000000000000000000000000000
00000000000000000000000000000000
00000000000000000000000000000000
00000000000000000000000000000000
00000000000000000000000000000000
00000000000000000000000000000000
00000000000000000000000000000000
00000000000000000000000000000000
00000000000000000000000000000000
00000000000000000000000000000000
00000000000000000000000000000000
00000000000000000000000000000000
00000000000000000000000000000000
00000000000000000000000000000000
00000000000000000000000000000000
00000000000000000000000000000000
00000000000000000000000000000000
00000000000000000000000000000000
00000000000000000000000000000000
00000000000000000000000000000000
00000000000000000000000000000000
00000000000000000000000000000000
00000000000000000000000000000000
00000000000000000000000000000000
00000000000000000000000000000000
00000000000000000000000000000000
00000000000000000000000000000000
00000000000000000000000000000000
00000000000000000000000000000000
00000000000000000000000000000000
00000000000000000000000000000000
00000000000000000000000000000000
00000000000000000000000000000000
00000000000000000000000000000000
00000000000000000000000000000000
00000000000000000000000000000000
00000000000000000000000000000000
00000000000000000000000000000000
00000000000000000000000000000000
00000000000000000000000000000000
00000000000000000000000000000000
00000000000000000000000000000000
00000000000000000000000000000000
00000000000000000000000000000000
00000000000000000000000000000000
00000000000000000000000000000000
00000000000000000000000000000000
00000000000000000000000000000000
00000000000000000000000000000000
00000000000000000000000000000000
00000000000000000000000000000000
00000000000000000000000000000000
00000000000000000000000000000000
00000000000000000000000000000000
00000000000000000000000000000000
00000000000000000000000000000000
00000000000000000000000000000000
00000000000000000000000000000000
00000000000000000000000000000000
00000000000000000000000000000000
00000000000000000000000000000000
00000000000000000000000000000000
00000000000000000000000000000000
00000000000000000000000000000000
00000000000000000000000000000000
00000000000000000000000000000000
00000000000000000000000000000000
00000000000000000000000000000000
00000000000000000000000000000000
00000000000000000000000000000000
00000000000000000000000000000000
00000000000000000000000000000000
00000000000000000000000000000000
00000000000000000000000000000000
00000000000000000000000000000000
00000000000000000000000000000000
00000000000000000000000000000000
00000000000000000000000000000000
00000000000000000000000000000000
00000000000000000000000000000000
00000000000000000000000000000000
00000000000000000000000000000000
00000000000000000000000000000000
00000000000000000000000000000000
00000000000000000000000000000000
00000000000000000000000000000000
00000000000000000000000000000000
00000000000000000000000000000000
00000000000000000000000000000000
00000000000000000000000000000000
00000000000000000000000000000000
00000000000000000000000000000000
00000000000000000000000000000000
00000000000000000000000000000000
00000000000000000000000000000000
00000000000000000000000000000000
00000000000000000000000000000000
00000000000000000000000000000000
00000000000000000000000000000000
00000000000000000000000000000000
00000000000000000000000000000000
00000000000000000000000000000000
00000000000000000000000000000000
00000000000000000000000000000000
00000000000000000000000000000000
00000000000000000000000000000000
00000000000000000000000000000000
00000000000000000000000000000000
00000000000000000000000000000000
00000000000000000000000000000000
00000000000000000000000000000000
00000000000000000000000000000000
00000000000000000000000000000000
00000000000000000000000000000000
00000000000000000000000000000000
00000000000000000000000000000000
00000000000000000000000000000000
00000000000000000000000000000000
00000000000000000000000000000000
00000000000000000000000000000000
00000000000000000000000000000000
00000000000000000000000000000000
00000000000000000000000000000000
00000000000000000000000000000000
00000000000000000000000000000000
00000000000000000000000000000000
00000000000000000000000000000000
00000000000000000000000000000000
00000000000000000000000000000000
00000000000000000000000000000000
00000000000000000000000000000000
00000000000000000000000000000000
00000000000000000000000000000000
00000000000000000000000000000000
00000000000000000000000000000000
00000000000000000000000000000000
00000000000000000000000000000000
00000000000000000000000000000000
00000000000000000000000000000000
00000000000000000000000000000000
00000000000000000000000000000000
00000000000000000000000000000000
00000000000000000000000000000000
00000000000000000000000000000000
00000000000000000000000000000000
00000000000000000000000000000000
00000000000000000000000000000000
00000000000000000000000000000000
00000000000000000000000000000000
00000000000000000000000000000000
00000000000000000000000000000000
00000000000000000000000000000000
00000000000000000000000000000000
00000000000000000000000000000000
00000000000000000000000000000000
00000000000000000000000000000000
00000000000000000000000000000000
00000000000000000000000000000000
00000000000000000000000000000000
00000000000000000000000000000000
00000000000000000000000000000000
00000000000000000000000000000000
00000000000000000000000000000000
00000000000000000000000000000000
00000000000000000000000000000000
00000000000000000000000000000000
00000000000000000000000000000000
00000000000000000000000000000000
00000000000000000000000000000000
00000000000000000000000000000000
00000000000000000000000000000000
00000000000000000000000000000000
00000000000000000000000000000000
00000000000000000000000000000000
00000000000000000000000000000000
00000000000000000000000000000000
00000000000000000000000000000000
00000000000000000000000000000000
00000000000000000000000000000000
00000000000000000000000000000000
00000000000000000000000000000000
00000000000000000000000000000000
00000000000000000000000000000000
00000000000000000000000000000000
00000000000000000000000000000000
00000000000000000000000000000000
00000000000000000000000000000000
00000000000000000000000000000000
00000000000000000000000000000000
00000000000000000000000000000000
00000000000000000000000000000000
00000000000000000000000000000000
00000000000000000000000000000000
00000000000000000000000000000000
00000000000000000000000000000000
00000000000000000000000000000000
00000000000000000000000000000000
00000000000000000000000000000000
00000000000000000000000000000000
00000000000000000000000000000000
00000000000000000000000000000000
00000000000000000000000000000000
00000000000000000000000000000000
00000000000000000000000000000000
00000000000000000000000000000000
00000000000000000000000000000000
00000000000000000000000000000000
00000000000000000000000000000000
00000000000000000000000000000000
00000000000000000000000000000000
00000000000000000000000000000000
00000000000000000000000000000000
00000000000000000000000000000000
00000000000000000000000000000000
00000000000000000000000000000000
00000000000000000000000000000000
00000000000000000000000000000000
00000000000000000000000000000000
00000000000000000000000000000000
00000000000000000000000000000000
00000000000000000000000000000000
00000000000000000000000000000000
00000000000000000000000000000000
00000000000000000000000000000000
00000000000000000000000000000000
00000000000000000000000000000000
00000000000000000000000000000000
00000000000000000000000000000000
00000000000000000000000000000000
00000000000000000000000000000000
00000000000000000000000000000000
00000000000000000000000000000000
00000000000000000000000000000000
00000000000000000000000000000000
00000000000000000000000000000000
00000000000000000000000000000000
00000000000000000000000000000000
00000000000000000000000000000000
00000000000000000000000000000000
00000000000000000000000000000000
00000000000000000000000000000000
00000000000000000000000000000000
00000000000000000000000000000000
00000000000000000000000000000000
00000000000000000000000000000000
00000000000000000000000000000000
00000000000000000000000000000000
00000000000000000000000000000000
00000000000000000000000000000000
00000000000000000000000000000000
00000000000000000000000000000000
00000000000000000000000000000000
00000000000000000000000000000000
00000000000000000000000000000000
00000000000000000000000000000000
00000000000000000000000000000000
00000000000000000000000000000000
00000000000000000000000000000000
00000000000000000000000000000000
00000000000000000000000000000000
00000000000000000000000000000000
00000000000000000000000000000000
00000000000000000000000000000000
00000000000000000000000000000000
00000000000000000000000000000000
00000000000000000000000000000000
00000000000000000000000000000000
00000000000000000000000000000000
00000000000000000000000000000000
00000000000000000000000000000000
00000000000000000000000000000000
00000000000000000000000000000000
00000000000000000000000000000000
00000000000000000000000000000000
00000000000000000000000000000000
00000000000000000000000000000000
00000000000000000000000000000000
00000000000000000000000000000000
00000000000000000000000000000000
00000000000000000000000000000000
00000000000000000000000000000000
00000000000000000000000000000000
00000000000000000000000000000000
00000000000000000000000000000000
00000000000000000000000000000000
00000000000000000000000000000000
00000000000000000000000000000000
00000000000000000000000000000000
00000000000000000000000000000000
00000000000000000000000000000000
00000000000000000000000000000000
00000000000000000000000000000000
00000000000000000000000000000000
00000000000000000000000000000000
00000000000000000000000000000000
00000000000000000000000000000000
00000000000000000000000000000000
00000000000000000000000000000000
00000000000000000000000000000000
00000000000000000000000000000000
00000000000000000000000000000000
00000000000000000000000000000000
00000000000000000000000000000000
00000000000000000000000000000000
00000000000000000000000000000000
00000000000000000000000000000000
00000000000000000000000000000000
00000000000000000000000000000000
00000000000000000000000000000000
00000000000000000000000000000000
00000000000000000000000000000000
00000000000000000000000000000000
00000000000000000000000000000000
00000000000000000000000000000000
00000000000000000000000000000000
00000000000000000000000000000000
00000000000000000000000000000000
00000000000000000000000000000000
00000000000000000000000000000000
00000000000000000000000000000000
00000000000000000000000000000000
00000000000000000000000000000000
00000000000000000000000000000000
00000000000000000000000000000000
00000000000000000000000000000000
00000000000000000000000000000000
00000000000000000000000000000000
00000000000000000000000000000000
00000000000000000000000000000000
00000000000000000000000000000000
00000000000000000000000000000000
00000000000000000000000000000000
00000000000000000000000000000000
00000000000000000000000000000000
00000000000000000000000000000000
00000000000000000000000000000000
00000000000000000000000000000000
00000000000000000000000000000000
00000000000000000000000000000000
00000000000000000000000000000000
00000000000000000000000000000000
00000000000000000000000000000000
00000000000000000000000000000000
00000000000000000000000000000000
00000000000000000000000000000000
00000000000000000000000000000000
00000000000000000000000000000000
00000000000000000000000000000000
00000000000000000000000000000000
00000000000000000000000000000000
00000000000000000000000000000000
00000000000000000000000000000000
00000000000000000000000000000000
00000000000000000000000000000000
00000000000000000000000000000000
00000000000000000000000000000000
00000000000000000000000000000000
00000000000000000000000000000000
00000000000000000000000000000000
00000000000000000000000000000000
00000000000000000000000000000000
00000000000000000000000000000000
00000000000000000000000000000000
00000000000000000000000000000000
00000000000000000000000000000000
00000000000000000000000000000000
00000000000000000000000000000000
00000000000000000000000000000000
00000000000000000000000000000000
00000000000000000000000000000000
00000000000000000000000000000000
00000000000000000000000000000000
00000000000000000000000000000000
00000000000000000000000000000000
00000000000000000000000000000000
00000000000000000000000000000000
00000000000000000000000000000000
00000000000000000000000000000000
00000000000000000000000000000000
00000000000000000000000000000000
00000000000000000000000000000000
00000000000000000000000000000000
00000000000000000000000000000000
00000000000000000000000000000000
00000000000000000000000000000000
00000000000000000000000000000000
00000000000000000000000000000000
00000000000000000000000000000000
00000000000000000000000000000000
00000000000000000000000000000000
00000000000000000000000000000000
00000000000000000000000000000000
00000000000000000000000000000000
00000000000000000000000000000000
00000000000000000000000000000000
00000000000000000000000000000000
00000000000000000000000000000000
00000000000000000000000000000000
00000000000000000000000000000000
00000000000000000000000000000000
00000000000000000000000000000000
00000000000000000000000000000000
00000000000000000000000000000000
00000000000000000000000000000000
00000000000000000000000000000000
00000000000000000000000000000000
00000000000000000000000000000000
00000000000000000000000000000000
00000000000000000000000000000000
00000000000000000000000000000000
00000000000000000000000000000000
00000000000000000000000000000000
00000000000000000000000000000000
00000000000000000000000000000000
00000000000000000000000000000000
00000000000000000000000000000000
00000000000000000000000000000000
00000000000000000000000000000000
00000000000000000000000000000000
00000000000000000000000000000000
00000000000000000000000000000000
00000000000000000000000000000000
00000000000000000000000000000000
00000000000000000000000000000000
00000000000000000000000000000000
00000000000000000000000000000000
00000000000000000000000000000000
00000000000000000000000000000000
00000000000000000000000000000000
00000000000000000000000000000000
00000000000000000000000000000000
00000000000000000000000000000000
00000000000000000000000000000000
00000000000000000000000000000000
00000000000000000000000000000000
00000000000000000000000000000000
00000000000000000000000000000000
00000000000000000000000000000000
00000000000000000000000000000000
00000000000000000000000000000000
00000000000000000000000000000000
00000000000000000000000000000000
00000000000000000000000000000000
00000000000000000000000000000000
00000000000000000000000000000000
00000000000000000000000000000000
00000000000000000000000000000000
00000000000000000000000000000000
00000000000000000000000000000000
00000000000000000000000000000000
00000000000000000000000000000000
00000000000000000000000000000000
00000000000000000000000000000000
00000000000000000000000000000000
00000000000000000000000000000000
00000000000000000000000000000000
00000000000000000000000000000000
00000000000000000000000000000000
00000000000000000000000000000000
00000000000000000000000000000000
00000000000000000000000000000000
00000000000000000000000000000000
00000000000000000000000000000000
00000000000000000000000000000000
00000000000000000000000000000000
00000000000000000000000000000000
00000000000000000000000000000000
00000000000000000000000000000000
00000000000000000000000000000000
00000000000000000000000000000000
00000000000000000000000000000000
00000000000000000000000000000000
00000000000000000000000000000000
00000000000000000000000000000000
00000000000000000000000000000000
00000000000000000000000000000000
00000000000000000000000000000000
00000000000000000000000000000000
00000000000000000000000000000000
00000000000000000000000000000000
00000000000000000000000000000000
00000000000000000000000000000000
00000000000000000000000000000000
00000000000000000000000000000000
00000000000000000000000000000000
00000000000000000000000000000000
00000000000000000000000000000000
00000000000000000000000000000000
00000000000000000000000000000000
00000000000000000000000000000000
00000000000000000000000000000000
00000000000000000000000000000000
00000000000000000000000000000000
00000000000000000000000000000000
00000000000000000000000000000000
00000000000000000000000000000000
00000000000000000000000000000000
00000000000000000000000000000000
00000000000000000000000000000000
00000000000000000000000000000000
00000000000000000000000000000000
00000000000000000000000000000000
00000000000000000000000000000000
00000000000000000000000000000000
00000000000000000000000000000000
00000000000000000000000000000000
00000000000000000000000000000000
00000000000000000000000000000000
00000000000000000000000000000000
00000000000000000000000000000000
00000000000000000000000000000000
00000000000000000000000000000000
00000000000000000000000000000000
00000000000000000000000000000000
00000000000000000000000000000000
00000000000000000000000000000000
00000000000000000000000000000000
00000000000000000000000000000000
00000000000000000000000000000000
00000000000000000000000000000000
00000000000000000000000000000000
00000000000000000000000000000000
00000000000000000000000000000000
00000000000000000000000000000000
00000000000000000000000000000000
00000000000000000000000000000000
00000000000000000000000000000000
00000000000000000000000000000000
00000000000000000000000000000000
00000000000000000000000000000000
00000000000000000000000000000000
00000000000000000000000000000000
00000000000000000000000000000000
00000000000000000000000000000000
00000000000000000000000000000000
00000000000000000000000000000000
00000000000000000000000000000000
00000000000000000000000000000000
00000000000000000000000000000000
00000000000000000000000000000000
00000000000000000000000000000000
00000000000000000000000000000000
00000000000000000000000000000000
00000000000000000000000000000000
00000000000000000000000000000000
00000000000000000000000000000000
00000000000000000000000000000000
00000000000000000000000000000000
00000000000000000000000000000000
00000000000000000000000000000000
00000000000000000000000000000000
00000000000000000000000000000000
00000000000000000000000000000000
00000000000000000000000000000000
00000000000000000000000000000000
00000000000000000000000000000000
00000000000000000000000000000000
00000000000000000000000000000000
00000000000000000000000000000000
00000000000000000000000000000000
00000000000000000000000000000000
00000000000000000000000000000000
00000000000000000000000000000000
00000000000000000000000000000000
00000000000000000000000000000000
00000000000000000000000000000000
00000000000000000000000000000000
00000000000000000000000000000000
00000000000000000000000000000000
00000000000000000000000000000000
00000000000000000000000000000000
00000000000000000000000000000000
00000000000000000000000000000000
00000000000000000000000000000000
00000000000000000000000000000000
00000000000000000000000000000000
00000000000000000000000000000000
00000000000000000000000000000000
00000000000000000000000000000000
00000000000000000000000000000000
00000000000000000000000000000000
00000000000000000000000000000000
00000000000000000000000000000000
00000000000000000000000000000000
00000000000000000000000000000000
00000000000000000000000000000000
00000000000000000000000000000000
00000000000000000000000000000000
00000000000000000000000000000000
00000000000000000000000000000000
00000000000000000000000000000000
00000000000000000000000000000000
00000000000000000000000000000000
00000000000000000000000000000000
00000000000000000000000000000000
00000000000000000000000000000000
00000000000000000000000000000000
00000000000000000000000000000000
00000000000000000000000000000000
00000000000000000000000000000000
00000000000000000000000000000000
00000000000000000000000000000000
00000000000000000000000000000000
00000000000000000000000000000000
00000000000000000000000000000000
00000000000000000000000000000000
00000000000000000000000000000000
00000000000000000000000000000000
00000000000000000000000000000000
00000000000000000000000000000000
00000000000000000000000000000000
00000000000000000000000000000000
00000000000000000000000000000000
00000000000000000000000000000000
00000000000000000000000000000000
00000000000000000000000000000000
00000000000000000000000000000000
00000000000000000000000000000000
00000000000000000000000000000000
00000000000000000000000000000000
00000000000000000000000000000000
00000000000000000000000000000000
00000000000000000000000000000000
00000000000000000000000000000000
00000000000000000000000000000000
00000000000000000000000000000000
00000000000000000000000000000000
00000000000000000000000000000000
00000000000000000000000000000000
00000000000000000000000000000000
00000000000000000000000000000000
00000000000000000000000000000000
00000000000000000000000000000000
00000000000000000000000000000000
00000000000000000000000000000000
00000000000000000000000000000000
00000000000000000000000000000000
00000000000000000000000000000000
00000000000000000000000000000000
00000000000000000000000000000000
00000000000000000000000000000000
00000000000000000000000000000000
00000000000000000000000000000000
00000000000000000000000000000000
00000000000000000000000000000000
00000000000000000000000000000000
00000000000000000000000000000000
00000000000000000000000000000000
00000000000000000000000000000000
00000000000000000000000000000000
00000000000000000000000000000000
00000000000000000000000000000000
00000000000000000000000000000000
00000000000000000000000000000000
00000000000000000000000000000000
00000000000000000000000000000000
00000000000000000000000000000000
00000000000000000000000000000000
00000000000000000000000000000000
00000000000000000000000000000000
00000000000000000000000000000000
00000000000000000000000000000000
00000000000000000000000000000000
00000000000000000000000000000000
00000000000000000000000000000000
00000000000000000000000000000000
00000000000000000000000000000000
00000000000000000000000000000000
00000000000000000000000000000000
00000000000000000000000000000000
00000000000000000000000000000000
00000000000000000000000000000000
00000000000000000000000000000000
00000000000000000000000000000000
00000000000000000000000000000000
00000000000000000000000000000000
00000000000000000000000000000000
00000000000000000000000000000000
00000000000000000000000000000000
00000000000000000000000000000000
00000000000000000000000000000000
00000000000000000000000000000000
00000000000000000000000000000000
00000000000000000000000000000000
00000000000000000000000000000000
00000000000000000000000000000000
00000000000000000000000000000000
00000000000000000000000000000000
00000000000000000000000000000000
00000000000000000000000000000000
00000000000000000000000000000000
00000000000000000000000000000000
00000000000000000000000000000000
00000000000000000000000000000000
00000000000000000000000000000000
00000000000000000000000000000000
00000000000000000000000000000000
00000000000000000000000000000000
00000000000000000000000000000000
00000000000000000000000000000000
00000000000000000000000000000000
00000000000000000000000000000000
00000000000000000000000000000000
00000000000000000000000000000000
00000000000000000000000000000000
00000000000000000000000000000000
00000000000000000000000000000000
00000000000000000000000000000000
00000000000000000000000000000000
00000000000000000000000000000000
00000000000000000000000000000000
00000000000000000000000000000000
00000000000000000000000000000000
00000000000000000000000000000000
00000000000000000000000000000000
00000000000000000000000000000000
00000000000000000000000000000000
00000000000000000000000000000000
00000000000000000000000000000000
00000000000000000000000000000000
00000000000000000000000000000000
00000000000000000000000000000000
00000000000000000000000000000000
00000000000000000000000000000000
00000000000000000000000000000000
00000000000000000000000000000000
00000000000000000000000000000000
00000000000000000000000000000000
00000000000000000000000000000000
00000000000000000000000000000000
00000000000000000000000000000000
00000000000000000000000000000000
00000000000000000000000000000000
00000000000000000000000000000000
00000000000000000000000000000000
00000000000000000000000000000000
00000000000000000000000000000000
00000000000000000000000000000000
00000000000000000000000000000000
00000000000000000000000000000000
00000000000000000000000000000000
00000000000000000000000000000000
00000000000000000000000000000000
00000000000000000000000000000000
00000000000000000000000000000000
00000000000000000000000000000000
00000000000000000000000000000000
00000000000000000000000000000000
00000000000000000000000000000000
00000000000000000000000000000000
00000000000000000000000000000000
00000000000000000000000000000000
00000000000000000000000000000000
00000000000000000000000000000000
00000000000000000000000000000000
00000000000000000000000000000000
00000000000000000000000000000000
00000000000000000000000000000000
00000000000000000000000000000000
00000000000000000000000000000000
00000000000000000000000000000000
00000000000000000000000000000000
00000000000000000000000000000000
00000000000000000000000000000000
00000000000000000000000000000000
00000000000000000000000000000000
00000000000000000000000000000000
00000000000000000000000000000000
00000000000000000000000000000000
00000000000000000000000000000000
00000000000000000000000000000000
00000000000000000000000000000000
00000000000000000000000000000000
00000000000000000000000000000000
00000000000000000000000000000000
00000000000000000000000000000000
00000000000000000000000000000000
00000000000000000000000000000000
00000000000000000000000000000000
00000000000000000000000000000000
00000000000000000000000000000000
00000000000000000000000000000000
00000000000000000000000000000000
00000000000000000000000000000000
00000000000000000000000000000000
00000000000000000000000000000000
00000000000000000000000000000000
00000000000000000000000000000000
00000000000000000000000000000000
00000000000000000000000000000000
00000000000000000000000000000000
00000000000000000000000000000000
00000000000000000000000000000000
00000000000000000000000000000000
00000000000000000000000000000000
00000000000000000000000000000000
00000000000000000000000000000000
00000000000000000000000000000000
00000000000000000000000000000000
00000000000000000000000000000000
00000000000000000000000000000000
00000000000000000000000000000000
00000000000000000000000000000000
00000000000000000000000000000000
00000000000000000000000000000000
00000000000000000000000000000000
00000000000000000000000000000000
00000000000000000000000000000000
00000000000000000000000000000000
00000000000000000000000000000000
00000000000000000000000000000000
00000000000000000000000000000000
00000000000000000000000000000000
00000000000000000000000000000000
00000000000000000000000000000000
00000000000000000000000000000000
00000000000000000000000000000000
00000000000000000000000000000000
00000000000000000000000000000000
00000000000000000000000000000000
00000000000000000000000000000000
00000000000000000000000000000000
00000000000000000000000000000000
00000000000000000000000000000000
00000000000000000000000000000000
00000000000000000000000000000000
00000000000000000000000000000000
00000000000000000000000000000000
00000000000000000000000000000000
00000000000000000000000000000000
00000000000000000000000000000000
00000000000000000000000000000000
00000000000000000000000000000000
00000000000000000000000000000000
00000000000000000000000000000000
00000000000000000000000000000000
00000000000000000000000000000000
00000000000000000000000000000000
00000000000000000000000000000000
00000000000000000000000000000000
00000000000000000000000000000000
00000000000000000000000000000000
00000000000000000000000000000000
00000000000000000000000000000000
00000000000000000000000000000000
00000000000000000000000000000000
00000000000000000000000000000000
00000000000000000000000000000000
00000000000000000000000000000000
00000000000000000000000000000000
00000000000000000000000000000000
00000000000000000000000000000000
00000000000000000000000000000000
00000000000000000000000000000000
00000000000000000000000000000000
00000000000000000000000000000000
00000000000000000000000000000000
00000000000000000000000000000000
00000000000000000000000000000000
00000000000000000000000000000000
00000000000000000000000000000000
00000000000000000000000000000000
00000000000000000000000000000000
00000000000000000000000000000000
00000000000000000000000000000000
00000000000000000000000000000000
00000000000000000000000000000000
00000000000000000000000000000000
00000000000000000000000000000000
00000000000000000000000000000000
00000000000000000000000000000000
00000000000000000000000000000000
00000000000000000000000000000000
00000000000000000000000000000000
00000000000000000000000000000000
00000000000000000000000000000000
00000000000000000000000000000000
00000000000000000000000000000000
00000000000000000000000000000000
00000000000000000000000000000000
00000000000000000000000000000000
00000000000000000000000000000000
00000000000000000000000000000000
00000000000000000000000000000000
00000000000000000000000000000000
00000000000000000000000000000000
00000000000000000000000000000000
00000000000000000000000000000000
00000000000000000000000000000000
00000000000000000000000000000000
00000000000000000000000000000000
00000000000000000000000000000000
00000000000000000000000000000000
00000000000000000000000000000000
00000000000000000000000000000000
00000000000000000000000000000000
00000000000000000000000000000000
00000000000000000000000000000000
00000000000000000000000000000000
00000000000000000000000000000000
00000000000000000000000000000000
00000000000000000000000000000000
00000000000000000000000000000000
00000000000000000000000000000000
00000000000000000000000000000000
00000000000000000000000000000000
00000000000000000000000000000000
00000000000000000000000000000000
00000000000000000000000000000000
00000000000000000000000000000000
00000000000000000000000000000000
00000000000000000000000000000000
00000000000000000000000000000000
00000000000000000000000000000000
00000000000000000000000000000000
00000000000000000000000000000000
00000000000000000000000000000000
00000000000000000000000000000000
00000000000000000000000000000000
00000000000000000000000000000000
00000000000000000000000000000000
00000000000000000000000000000000
00000000000000000000000000000000
00000000000000000000000000000000
00000000000000000000000000000000
00000000000000000000000000000000
00000000000000000000000000000000
00000000000000000000000000000000
00000000000000000000000000000000
00000000000000000000000000000000
00000000000000000000000000000000
00000000000000000000000000000000
00000000000000000000000000000000
00000000000000000000000000000000
00000000000000000000000000000000
00000000000000000000000000000000
00000000000000000000000000000000
00000000000000000000000000000000
00000000000000000000000000000000
00000000000000000000000000000000
00000000000000000000000000000000
00000000000000000000000000000000
00000000000000000000000000000000
00000000000000000000000000000000
00000000000000000000000000000000
00000000000000000000000000000000
00000000000000000000000000000000
00000000000000000000000000000000
00000000000000000000000000000000
00000000000000000000000000000000
00000000000000000000000000000000
00000000000000000000000000000000
00000000000000000000000000000000
00000000000000000000000000000000
00000000000000000000000000000000
00000000000000000000000000000000
00000000000000000000000000000000
00000000000000000000000000000000
00000000000000000000000000000000
00000000000000000000000000000000
00000000000000000000000000000000
00000000000000000000000000000000
00000000000000000000000000000000
00000000000000000000000000000000
00000000000000000000000000000000
00000000000000000000000000000000
00000000000000000000000000000000
00000000000000000000000000000000
00000000000000000000000000000000
00000000000000000000000000000000
00000000000000000000000000000000
00000000000000000000000000000000
00000000000000000000000000000000
00000000000000000000000000000000
00000000000000000000000000000000
00000000000000000000000000000000
00000000000000000000000000000000
00000000000000000000000000000000
00000000000000000000000000000000
00000000000000000000000000000000
00000000000000000000000000000000
00000000000000000000000000000000
00000000000000000000000000000000
00000000000000000000000000000000
00000000000000000000000000000000
00000000000000000000000000000000
00000000000000000000000000000000
00000000000000000000000000000000
00000000000000000000000000000000
00000000000000000000000000000000
00000000000000000000000000000000
00000000000000000000000000000000
00000000000000000000000000000000
00000000000000000000000000000000
00000000000000000000000000000000
00000000000000000000000000000000
00000000000000000000000000000000
00000000000000000000000000000000
00000000000000000000000000000000
00000000000000000000000000000000
00000000000000000000000000000000
00000000000000000000000000000000
00000000000000000000000000000000
00000000000000000000000000000000
00000000000000000000000000000000
00000000000000000000000000000000
00000000000000000000000000000000
00000000000000000000000000000000
00000000000000000000000000000000
00000000000000000000000000000000
00000000000000000000000000000000
00000000000000000000000000000000
00000000000000000000000000000000
00000000000000000000000000000000
00000000000000000000000000000000
00000000000000000000000000000000
00000000000000000000000000000000
00000000000000000000000000000000
00000000000000000000000000000000
00000000000000000000000000000000
00000000000000000000000000000000
00000000000000000000000000000000
00000000000000000000000000000000
00000000000000000000000000000000
00000000000000000000000000000000
00000000000000000000000000000000
00000000000000000000000000000000
00000000000000000000000000000000
00000000000000000000000000000000
00000000000000000000000000000000
00000000000000000000000000000000
00000000000000000000000000000000
00000000000000000000000000000000
00000000000000000000000000000000
00000000000000000000000000000000
00000000000000000000000000000000
00000000000000000000000000000000
00000000000000000000000000000000
00000000000000000000000000000000
00000000000000000000000000000000
00000000000000000000000000000000
00000000000000000000000000000000
00000000000000000000000000000000
00000000000000000000000000000000
00000000000000000000000000000000
00000000000000000000000000000000
00000000000000000000000000000000
00000000000000000000000000000000
00000000000000000000000000000000
00000000000000000000000000000000
00000000000000000000000000000000
00000000000000000000000000000000
00000000000000000000000000000000
00000000000000000000000000000000
00000000000000000000000000000000
00000000000000000000000000000000
00000000000000000000000000000000
00000000000000000000000000000000
00000000000000000000000000000000
00000000000000000000000000000000
00000000000000000000000000000000
00000000000000000000000000000000
00000000000000000000000000000000
00000000000000000000000000000000
00000000000000000000000000000000
00000000000000000000000000000000
00000000000000000000000000000000
00000000000000000000000000000000
00000000000000000000000000000000
00000000000000000000000000000000
00000000000000000000000000000000
00000000000000000000000000000000
00000000000000000000000000000000
00000000000000000000000000000000
00000000000000000000000000000000
00000000000000000000000000000000
00000000000000000000000000000000
00000000000000000000000000000000
00000000000000000000000000000000
00000000000000000000000000000000
00000000000000000000000000000000
00000000000000000000000000000000
00000000000000000000000000000000
00000000000000000000000000000000
00000000000000000000000000000000
00000000000000000000000000000000
00000000000000000000000000000000
00000000000000000000000000000000
00000000000000000000000000000000
00000000000000000000000000000000
00000000000000000000000000000000
00000000000000000000000000000000
00000000000000000000000000000000
00000000000000000000000000000000
00000000000000000000000000000000
00000000000000000000000000000000
00000000000000000000000000000000
00000000000000000000000000000000
00000000000000000000000000000000
00000000000000000000000000000000
00000000000000000000000000000000
00000000000000000000000000000000
00000000000000000000000000000000
00000000000000000000000000000000
00000000000000000000000000000000
00000000000000000000000000000000
00000000000000000000000000000000
00000000000000000000000000000000
00000000000000000000000000000000
00000000000000000000000000000000
00000000000000000000000000000000
00000000000000000000000000000000
00000000000000000000000000000000
00000000000000000000000000000000
00000000000000000000000000000000
00000000000000000000000000000000
00000000000000000000000000000000
00000000000000000000000000000000
00000000000000000000000000000000
00000000000000000000000000000000
00000000000000000000000000000000
00000000000000000000000000000000
00000000000000000000000000000000
00000000000000000000000000000000
00000000000000000000000000000000
00000000000000000000000000000000
00000000000000000000000000000000
00000000000000000000000000000000
00000000000000000000000000000000
00000000000000000000000000000000
00000000000000000000000000000000
00000000000000000000000000000000
00000000000000000000000000000000
00000000000000000000000000000000
00000000000000000000000000000000
00000000000000000000000000000000
00000000000000000000000000000000
00000000000000000000000000000000
00000000000000000000000000000000
00000000000000000000000000000000
00000000000000000000000000000000
00000000000000000000000000000000
00000000000000000000000000000000
00000000000000000000000000000000
00000000000000000000000000000000
00000000000000000000000000000000
00000000000000000000000000000000
00000000000000000000000000000000
00000000000000000000000000000000
00000000000000000000000000000000
00000000000000000000000000000000
00000000000000000000000000000000
00000000000000000000000000000000
00000000000000000000000000000000
00000000000000000000000000000000
00000000000000000000000000000000
00000000000000000000000000000000
00000000000000000000000000000000
00000000000000000000000000000000
00000000000000000000000000000000
00000000000000000000000000000000
00000000000000000000000000000000
00000000000000000000000000000000
00000000000000000000000000000000
00000000000000000000000000000000
00000000000000000000000000000000
00000000000000000000000000000000
00000000000000000000000000000000
00000000000000000000000000000000
00000000000000000000000000000000
00000000000000000000000000000000
00000000000000000000000000000000
00000000000000000000000000000000
00000000000000000000000000000000
00000000000000000000000000000000
00000000000000000000000000000000
00000000000000000000000000000000
00000000000000000000000000000000
00000000000000000000000000000000
00000000000000000000000000000000
00000000000000000000000000000000
00000000000000000000000000000000
00000000000000000000000000000000
00000000000000000000000000000000
00000000000000000000000000000000
00000000000000000000000000000000
00000000000000000000000000000000
00000000000000000000000000000000
00000000000000000000000000000000
00000000000000000000000000000000
00000000000000000000000000000000
00000000000000000000000000000000
00000000000000000000000000000000
00000000000000000000000000000000
00000000000000000000000000000000
00000000000000000000000000000000
00000000000000000000000000000000
00000000000000000000000000000000
00000000000000000000000000000000
00000000000000000000000000000000
00000000000000000000000000000000
00000000000000000000000000000000
00000000000000000000000000000000
00000000000000000000000000000000
00000000000000000000000000000000
00000000000000000000000000000000
00000000000000000000000000000000
00000000000000000000000000000000
00000000000000000000000000000000
00000000000000000000000000000000
00000000000000000000000000000000
00000000000000000000000000000000
00000000000000000000000000000000
00000000000000000000000000000000
00000000000000000000000000000000
00000000000000000000000000000000
00000000000000000000000000000000
00000000000000000000000000000000
00000000000000000000000000000000
00000000000000000000000000000000
00000000000000000000000000000000
00000000000000000000000000000000
00000000000000000000000000000000
00000000000000000000000000000000
00000000000000000000000000000000
00000000000000000000000000000000
00000000000000000000000000000000
00000000000000000000000000000000
00000000000000000000000000000000
00000000000000000000000000000000
00000000000000000000000000000000
00000000000000000000000000000000
00000000000000000000000000000000
00000000000000000000000000000000
00000000000000000000000000000000
00000000000000000000000000000000
00000000000000000000000000000000
00000000000000000000000000000000
00000000000000000000000000000000
00000000000000000000000000000000
00000000000000000000000000000000
00000000000000000000000000000000
00000000000000000000000000000000
00000000000000000000000000000000
00000000000000000000000000000000
00000000000000000000000000000000
00000000000000000000000000000000
00000000000000000000000000000000
00000000000000000000000000000000
00000000000000000000000000000000
00000000000000000000000000000000
00000000000000000000000000000000
00000000000000000000000000000000
00000000000000000000000000000000
00000000000000000000000000000000
00000000000000000000000000000000
00000000000000000000000000000000
00000000000000000000000000000000
00000000000000000000000000000000
00000000000000000000000000000000
00000000000000000000000000000000
00000000000000000000000000000000
00000000000000000000000000000000
00000000000000000000000000000000
00000000000000000000000000000000
00000000000000000000000000000000
00000000000000000000000000000000
00000000000000000000000000000000
00000000000000000000000000000000
00000000000000000000000000000000
00000000000000000000000000000000
00000000000000000000000000000000
00000000000000000000000000000000
00000000000000000000000000000000
00000000000000000000000000000000
00000000000000000000000000000000
00000000000000000000000000000000
00000000000000000000000000000000
00000000000000000000000000000000
00000000000000000000000000000000
00000000000000000000000000000000
00000000000000000000000000000000
00000000000000000000000000000000
00000000000000000000000000000000
00000000000000000000000000000000
00000000000000000000000000000000
00000000000000000000000000000000
00000000000000000000000000000000
00000000000000000000000000000000
00000000000000000000000000000000
00000000000000000000000000000000
00000000000000000000000000000000
00000000000000000000000000000000
00000000000000000000000000000000
00000000000000000000000000000000
00000000000000000000000000000000
00000000000000000000000000000000
00000000000000000000000000000000
00000000000000000000000000000000
00000000000000000000000000000000
00000000000000000000000000000000
00000000000000000000000000000000
00000000000000000000000000000000
00000000000000000000000000000000
00000000000000000000000000000000
00000000000000000000000000000000
00000000000000000000000000000000
00000000000000000000000000000000
00000000000000000000000000000000
00000000000000000000000000000000
00000000000000000000000000000000
00000000000000000000000000000000
00000000000000000000000000000000
00000000000000000000000000000000
00000000000000000000000000000000
00000000000000000000000000000000
00000000000000000000000000000000
00000000000000000000000000000000
00000000000000000000000000000000
00000000000000000000000000000000
00000000000000000000000000000000
00000000000000000000000000000000
00000000000000000000000000000000
00000000000000000000000000000000
00000000000000000000000000000000
00000000000000000000000000000000
00000000000000000000000000000000
00000000000000000000000000000000
00000000000000000000000000000000
00000000000000000000000000000000
00000000000000000000000000000000
00000000000000000000000000000000
00000000000000000000000000000000
00000000000000000000000000000000
00000000000000000000000000000000
00000000000000000000000000000000
00000000000000000000000000000000
00000000000000000000000000000000
00000000000000000000000000000000
00000000000000000000000000000000
00000000000000000000000000000000
00000000000000000000000000000000
00000000000000000000000000000000
00000000000000000000000000000000
00000000000000000000000000000000
00000000000000000000000000000000
00000000000000000000000000000000
00000000000000000000000000000000
00000000000000000000000000000000
00000000000000000000000000000000
00000000000000000000000000000000
00000000000000000000000000000000
00000000000000000000000000000000
00000000000000000000000000000000
00000000000000000000000000000000
00000000000000000000000000000000
00000000000000000000000000000000
00000000000000000000000000000000
00000000000000000000000000000000
00000000000000000000000000000000
00000000000000000000000000000000
00000000000000000000000000000000
00000000000000000000000000000000
00000000000000000000000000000000
00000000000000000000000000000000
00000000000000000000000000000000
00000000000000000000000000000000
00000000000000000000000000000000
00000000000000000000000000000000
00000000000000000000000000000000
00000000000000000000000000000000
00000000000000000000000000000000
00000000000000000000000000000000
00000000000000000000000000000000
00000000000000000000000000000000
00000000000000000000000000000000
00000000000000000000000000000000
00000000000000000000000000000000
00000000000000000000000000000000
00000000000000000000000000000000
00000000000000000000000000000000
00000000000000000000000000000000
00000000000000000000000000000000
00000000000000000000000000000000
00000000000000000000000000000000
00000000000000000000000000000000
00000000000000000000000000000000
00000000000000000000000000000000
00000000000000000000000000000000
00000000000000000000000000000000
00000000000000000000000000000000
00000000000000000000000000000000
00000000000000000000000000000000
00000000000000000000000000000000
00000000000000000000000000000000
00000000000000000000000000000000
00000000000000000000000000000000
00000000000000000000000000000000
00000000000000000000000000000000
00000000000000000000000000000000
00000000000000000000000000000000
00000000000000000000000000000000
00000000000000000000000000000000
00000000000000000000000000000000
00000000000000000000000000000000
00000000000000000000000000000000
00000000000000000000000000000000
00000000000000000000000000000000
00000000000000000000000000000000
00000000000000000000000000000000
00000000000000000000000000000000
00000000000000000000000000000000
00000000000000000000000000000000
00000000000000000000000000000000
00000000000000000000000000000000
00000000000000000000000000000000
00000000000000000000000000000000
00000000000000000000000000000000
00000000000000000000000000000000
00000000000000000000000000000000
00000000000000000000000000000000
00000000000000000000000000000000
00000000000000000000000000000000
00000000000000000000000000000000
00000000000000000000000000000000
00000000000000000000000000000000
00000000000000000000000000000000
00000000000000000000000000000000
00000000000000000000000000000000
00000000000000000000000000000000
00000000000000000000000000000000
00000000000000000000000000000000
00000000000000000000000000000000
00000000000000000000000000000000
00000000000000000000000000000000
00000000000000000000000000000000
00000000000000000000000000000000
00000000000000000000000000000000
00000000000000000000000000000000
00000000000000000000000000000000
00000000000000000000000000000000
00000000000000000000000000000000
00000000000000000000000000000000
00000000000000000000000000000000
00000000000000000000000000000000
00000000000000000000000000000000
00000000000000000000000000000000
00000000000000000000000000000000
00000000000000000000000000000000
00000000000000000000000000000000
00000000000000000000000000000000
00000000000000000000000000000000
00000000000000000000000000000000
00000000000000000000000000000000
00000000000000000000000000000000
00000000000000000000000000000000
00000000000000000000000000000000
00000000000000000000000000000000
00000000000000000000000000000000
00000000000000000000000000000000
00000000000000000000000000000000
00000000000000000000000000000000
00000000000000000000000000000000
00000000000000000000000000000000
00000000000000000000000000000000
00000000000000000000000000000000
00000000000000000000000000000000
00000000000000000000000000000000
00000000000000000000000000000000
00000000000000000000000000000000
00000000000000000000000000000000
00000000000000000000000000000000
00000000000000000000000000000000
00000000000000000000000000000000
00000000000000000000000000000000
00000000000000000000000000000000
00000000000000000000000000000000
00000000000000000000000000000000
00000000000000000000000000000000
00000000000000000000000000000000
00000000000000000000000000000000
00000000000000000000000000000000
00000000000000000000000000000000
00000000000000000000000000000000
00000000000000000000000000000000
00000000000000000000000000000000
00000000000000000000000000000000
00000000000000000000000000000000
00000000000000000000000000000000
00000000000000000000000000000000
00000000000000000000000000000000
00000000000000000000000000000000
00000000000000000000000000000000
00000000000000000000000000000000
00000000000000000000000000000000
00000000000000000000000000000000
00000000000000000000000000000000
00000000000000000000000000000000
00000000000000000000000000000000
00000000000000000000000000000000
00000000000000000000000000000000
00000000000000000000000000000000
00000000000000000000000000000000
00000000000000000000000000000000
00000000000000000000000000000000
00000000000000000000000000000000
00000000000000000000000000000000
00000000000000000000000000000000
00000000000000000000000000000000
00000000000000000000000000000000
00000000000000000000000000000000
00000000000000000000000000000000
00000000000000000000000000000000
00000000000000000000000000000000
00000000000000000000000000000000
00000000000000000000000000000000
00000000000000000000000000000000
00000000000000000000000000000000
00000000000000000000000000000000
00000000000000000000000000000000
00000000000000000000000000000000
00000000000000000000000000000000
00000000000000000000000000000000
00000000000000000000000000000000
00000000000000000000000000000000
00000000000000000000000000000000
00000000000000000000000000000000
00000000000000000000000000000000
00000000000000000000000000000000
00000000000000000000000000000000
00000000000000000000000000000000
00000000000000000000000000000000
00000000000000000000000000000000
00000000000000000000000000000000
00000000000000000000000000000000
00000000000000000000000000000000
00000000000000000000000000000000
00000000000000000000000000000000
00000000000000000000000000000000
00000000000000000000000000000000
00000000000000000000000000000000
00000000000000000000000000000000
00000000000000000000000000000000
00000000000000000000000000000000
00000000000000000000000000000000
00000000000000000000000000000000
00000000000000000000000000000000
00000000000000000000000000000000
00000000000000000000000000000000
00000000000000000000000000000000
00000000000000000000000000000000
00000000000000000000000000000000
00000000000000000000000000000000
00000000000000000000000000000000
00000000000000000000000000000000
00000000000000000000000000000000
00000000000000000000000000000000
00000000000000000000000000000000
00000000000000000000000000000000
00000000000000000000000000000000
00000000000000000000000000000000
00000000000000000000000000000000
00000000000000000000000000000000
00000000000000000000000000000000
00000000000000000000000000000000
00000000000000000000000000000000
00000000000000000000000000000000
00000000000000000000000000000000
00000000000000000000000000000000
00000000000000000000000000000000
00000000000000000000000000000000
00000000000000000000000000000000
00000000000000000000000000000000
00000000000000000000000000000000
00000000000000000000000000000000
00000000000000000000000000000000
00000000000000000000000000000000
00000000000000000000000000000000
00000000000000000000000000000000
00000000000000000000000000000000
00000000000000000000000000000000
00000000000000000000000000000000
00000000000000000000000000000000
00000000000000000000000000000000
00000000000000000000000000000000
00000000000000000000000000000000
00000000000000000000000000000000
00000000000000000000000000000000
00000000000000000000000000000000
00000000000000000000000000000000
00000000000000000000000000000000
00000000000000000000000000000000
00000000000000000000000000000000
00000000000000000000000000000000
00000000000000000000000000000000
00000000000000000000000000000000
00000000000000000000000000000000
00000000000000000000000000000000
00000000000000000000000000000000
00000000000000000000000000000000
00000000000000000000000000000000
00000000000000000000000000000000
00000000000000000000000000000000
00000000000000000000000000000000
00000000000000000000000000000000
00000000000000000000000000000000
00000000000000000000000000000000
00000000000000000000000000000000
00000000000000000000000000000000
00000000000000000000000000000000
00000000000000000000000000000000
00000000000000000000000000000000
00000000000000000000000000000000
00000000000000000000000000000000
00000000000000000000000000000000
00000000000000000000000000000000
00000000000000000000000000000000
00000000000000000000000000000000
00000000000000000000000000000000
00000000000000000000000000000000
00000000000000000000000000000000
00000000000000000000000000000000
00000000000000000000000000000000
00000000000000000000000000000000
00000000000000000000000000000000
00000000000000000000000000000000
00000000000000000000000000000000
00000000000000000000000000000000
00000000000000000000000000000000
00000000000000000000000000000000
00000000000000000000000000000000
00000000000000000000000000000000
00000000000000000000000000000000
00000000000000000000000000000000
00000000000000000000000000000000
00000000000000000000000000000000
00000000000000000000000000000000
00000000000000000000000000000000
00000000000000000000000000000000
00000000000000000000000000000000
00000000000000000000000000000000
00000000000000000000000000000000
00000000000000000000000000000000
00000000000000000000000000000000
00000000000000000000000000000000
00000000000000000000000000000000
00000000000000000000000000000000
00000000000000000000000000000000
00000000000000000000000000000000
00000000000000000000000000000000
00000000000000000000000000000000
00000000000000000000000000000000
00000000000000000000000000000000
00000000000000000000000000000000
00000000000000000000000000000000
00000000000000000000000000000000
00000000000000000000000000000000
00000000000000000000000000000000
00000000000000000000000000000000
00000000000000000000000000000000
00000000000000000000000000000000
00000000000000000000000000000000
00000000000000000000000000000000
00000000000000000000000000000000
00000000000000000000000000000000
00000000000000000000000000000000
00000000000000000000000000000000
00000000000000000000000000000000
00000000000000000000000000000000
00000000000000000000000000000000
00000000000000000000000000000000
00000000000000000000000000000000
00000000000000000000000000000000
00000000000000000000000000000000
00000000000000000000000000000000
00000000000000000000000000000000
00000000000000000000000000000000
00000000000000000000000000000000
00000000000000000000000000000000
00000000000000000000000000000000
00000000000000000000000000000000
00000000000000000000000000000000
00000000000000000000000000000000
00000000000000000000000000000000
00000000000000000000000000000000
00000000000000000000000000000000
00000000000000000000000000000000
00000000000000000000000000000000
00000000000000000000000000000000
00000000000000000000000000000000
00000000000000000000000000000000
00000000000000000000000000000000
00000000000000000000000000000000
00000000000000000000000000000000
00000000000000000000000000000000
00000000000000000000000000000000
00000000000000000000000000000000
00000000000000000000000000000000
00000000000000000000000000000000
00000000000000000000000000000000
00000000000000000000000000000000
00000000000000000000000000000000
00000000000000000000000000000000
00000000000000000000000000000000
00000000000000000000000000000000
00000000000000000000000000000000
00000000000000000000000000000000
00000000000000000000000000000000
00000000000000000000000000000000
00000000000000000000000000000000
00000000000000000000000000000000
00000000000000000000000000000000
00000000000000000000000000000000
00000000000000000000000000000000
00000000000000000000000000000000
00000000000000000000000000000000
00000000000000000000000000000000
00000000000000000000000000000000
00000000000000000000000000000000
00000000000000000000000000000000
00000000000000000000000000000000
00000000000000000000000000000000
00000000000000000000000000000000
00000000000000000000000000000000
00000000000000000000000000000000
00000000000000000000000000000000
00000000000000000000000000000000
00000000000000000000000000000000
00000000000000000000000000000000
00000000000000000000000000000000
00000000000000000000000000000000
00000000000000000000000000000000
00000000000000000000000000000000
00000000000000000000000000000000
00000000000000000000000000000000
00000000000000000000000000000000
00000000000000000000000000000000
00000000000000000000000000000000
00000000000000000000000000000000
00000000000000000000000000000000
00000000000000000000000000000000
00000000000000000000000000000000
00000000000000000000000000000000
00000000000000000000000000000000
00000000000000000000000000000000
00000000000000000000000000000000
00000000000000000000000000000000
00000000000000000000000000000000
00000000000000000000000000000000
00000000000000000000000000000000
00000000000000000000000000000000
00000000000000000000000000000000
00000000000000000000000000000000
00000000000000000000000000000000
00000000000000000000000000000000
00000000000000000000000000000000
00000000000000000000000000000000
00000000000000000000000000000000
00000000000000000000000000000000
00000000000000000000000000000000
00000000000000000000000000000000
00000000000000000000000000000000
00000000000000000000000000000000
00000000000000000000000000000000
00000000000000000000000000000000
00000000000000000000000000000000
00000000000000000000000000000000
00000000000000000000000000000000
00000000000000000000000000000000
00000000000000000000000000000000
00000000000000000000000000000000
00000000000000000000000000000000
00000000000000000000000000000000
00000000000000000000000000000000
00000000000000000000000000000000
00000000000000000000000000000000
00000000000000000000000000000000
00000000000000000000000000000000
00000000000000000000000000000000
00000000000000000000000000000000
00000000000000000000000000000000
00000000000000000000000000000000
00000000000000000000000000000000
00000000000000000000000000000000
00000000000000000000000000000000
00000000000000000000000000000000
00000000000000000000000000000000
00000000000000000000000000000000
00000000000000000000000000000000
00000000000000000000000000000000
00000000000000000000000000000000
00000000000000000000000000000000
00000000000000000000000000000000
00000000000000000000000000000000
00000000000000000000000000000000
00000000000000000000000000000000
00000000000000000000000000000000
00000000000000000000000000000000
00000000000000000000000000000000
00000000000000000000000000000000
00000000000000000000000000000000
00000000000000000000000000000000
00000000000000000000000000000000
00000000000000000000000000000000
00000000000000000000000000000000
00000000000000000000100010110100
00000000000000000000010100001100
00000000000000000000100011110100
00000000000000000000010100001100
00000000000000000000010100001100
00000000000000000000010100001100
00000000000000000000010100001100
00000000000000000000100011000000
00000000000000000000010100001100
00000000000000000000010100001100
00000000000000000000010011110000
00000000000000000000100011011100
00000000000000000000010100001100
00000000000000000000010011110000
00000000000000000000010100110000
00000000000000000000010100110000
00000000000000000000010100110000
00000000000000000000010100110000
00000000000000000000010100110000
00000000000000000000010100110000
00000000000000000000010100110000
00000000000000000000010100110000
00000000000000000000010100110000
00000000000000000000010100001100
00000000000000000000010100001100
00000000000000000000010100001100
00000000000000000000010100001100
00000000000000000000010100001100
00000000000000000000010100001100
00000000000000000000010100001100
00000000000000000000010100001100
00000000000000000000010100001100
00000000000000000000010100001100
00000000000000000000010100001100
00000000000000000000010100001100
00000000000000000000010100001100
00000000000000000000010100001100
00000000000000000000010100001100
00000000000000000000010100001100
00000000000000000000010100001100
00000000000000000000010100001100
00000000000000000000010100001100
00000000000000000000010100001100
00000000000000000000010100001100
00000000000000000000010100001100
00000000000000000000010100001100
00000000000000000000010100001100
00000000000000000000010100001100
00000000000000000000010100001100
00000000000000000000010100001100
00000000000000000000010100001100
00000000000000000000010100001100
00000000000000000000010100001100
00000000000000000000100000000100
00000000000000000000010100001100
00000000000000000000010100001100
00000000000000000000010100001100
00000000000000000000010100001100
00000000000000000000010100001100
00000000000000000000010100001100
00000000000000000000010100001100
00000000000000000000010100001100
00000000000000000000010100001100
00000000000000000000010100001100
00000000000000000000010110000000
00000000000000000000010111010100
00000000000000000000010100001100
00000000000000000000011101010000
00000000000000000000010100001100
00000000000000000000010100001100
00000000000000000000010100001100
00000000000000000000010100001100
00000000000000000000010100001100
00000000000000000000011110111100
00000000000000000000010100001100
00000000000000000000010100001100
00000000000000000000011111001100
00000000000000000000100000110000
00000000000000000000010100001100
00000000000000000000010100001100
00000000000000000000100010001100
00000000000000000000010100001100
00000000000000000000100100010100
00000000000000000000010100001100
00000000000000000000010100001100
00000000000000000000101000101100
00110011010000001101010010110000
11100111000101000110101001111001
00000000000000001110001111000001
00010001100110011011111001010010
00011111110101110101011000001000
00000000000000000000011101000111
00111001101111110101111001000111
10001110001110101110010110100100
00000000000000001000110110000100
00000000000000000011000000011100
00000000000000000010111111101100
00000000000000000010111111111000
00000000000000000011000000000100
00000000000000000011000000010000
00000000000000000010111111100000
00000000000000001101000010011100
00000000000000001101000010100100
00000000000000001101000010101100
00000000000000001101000010110100
00000000000000001101000001101100
00000000000000001101000001111000
00000000000000001101000010000100
00000000000000001101000010010000
00000000000000001101000000111100
00000000000000001101000001001000
00000000000000001101000001010100
00000000000000001101000001100000
00000000000000001101000000001100
00000000000000001101000000011000
00000000000000001101000000100100
00000000000000001101000000110000
00000000000000000100100101110100
00000000000000000100100101110100
00000000000000000100100110011000
00000000000000000100100101101000
00000000000000000100100101101000
00000000000000000100101001011100
00000000000000000100100110011000
00000000000000000100100101101000
00000000000000000100101001011100
00000000000000000100100101101000
00000000000000000100100110011000
00000000000000000100100101100100
00000000000000000100100101100100
00000000000000000100100101100100
00000000000000000100101001011100
00000000000000000101011001000000
00000000000000000101011011001100
00000000000000000101011001001100
00000000000000000101011011001100
00000000000000000101011010111100
00000000000000000101011011001100
00000000000000000101011001001100
00000000000000000101011001000000
00000000000000000101011001000000
00000000000000000101011010111100
00000000000000000101011001001100
00000000000000000101011000011100
00000000000000000101011000011100
00000000000000000101011000011100
00000000000000000101011001010100
00000000000000000101101001101000
00000000000000000101101001101000
00000000000000000101101010001100
00000000000000000101101001100000
00000000000000000101101001100000
00000000000000000101101011110100
00000000000000000101101010001100
00000000000000000101101001100000
00000000000000000101101011110100
00000000000000000101101001100000
00000000000000000101101010001100
00000000000000000101101001011100
00000000000000000101101001011100
00000000000000000101101001011100
00000000000000000101101011110100
00000010000000100000000100000000
00000011000000110000001100000011
00000100000001000000010000000100
00000100000001000000010000000100
00000101000001010000010100000101
00000101000001010000010100000101
00000101000001010000010100000101
00000101000001010000010100000101
00000110000001100000011000000110
00000110000001100000011000000110
00000110000001100000011000000110
00000110000001100000011000000110
00000110000001100000011000000110
00000110000001100000011000000110
00000110000001100000011000000110
00000110000001100000011000000110
00000111000001110000011100000111
00000111000001110000011100000111
00000111000001110000011100000111
00000111000001110000011100000111
00000111000001110000011100000111
00000111000001110000011100000111
00000111000001110000011100000111
00000111000001110000011100000111
00000111000001110000011100000111
00000111000001110000011100000111
00000111000001110000011100000111
00000111000001110000011100000111
00000111000001110000011100000111
00000111000001110000011100000111
00000111000001110000011100000111
00000111000001110000011100000111
00001000000010000000100000001000
00001000000010000000100000001000
00001000000010000000100000001000
00001000000010000000100000001000
00001000000010000000100000001000
00001000000010000000100000001000
00001000000010000000100000001000
00001000000010000000100000001000
00001000000010000000100000001000
00001000000010000000100000001000
00001000000010000000100000001000
00001000000010000000100000001000
00001000000010000000100000001000
00001000000010000000100000001000
00001000000010000000100000001000
00001000000010000000100000001000
00001000000010000000100000001000
00001000000010000000100000001000
00001000000010000000100000001000
00001000000010000000100000001000
00001000000010000000100000001000
00001000000010000000100000001000
00001000000010000000100000001000
00001000000010000000100000001000
00001000000010000000100000001000
00001000000010000000100000001000
00001000000010000000100000001000
00001000000010000000100000001000
00001000000010000000100000001000
00001000000010000000100000001000
00001000000010000000100000001000
00001000000010000000100000001000
01100101011100100110111101000011
01101011011100100110000101001101
00110000001011100011000100100000
00000000000000000000000000001010
01100101011100100110111101000011
01101011011100100110000101001101
00110000001011100011000100100000
00100101001000000011101000100000
00000000000000000000101001100110
01100101011100100110111101000011
01101011011100100110000101001101
01111010010010000100110100101111
00100101001000000011101000100000
00000000000000000000101001100110
01001001010011100100100101000110
00000000000010100100100001010011
01101100011101010110111000101000
00000000000000000010100101101100
00100101001011100110010000100101
00000000000000000000000001100100
01110000001000000110101100110110
01101111011001100111001001100101
01101110011000010110110101110010
01110010001000000110010101100011
01110000001000000110111001110101
01101101011000010111001001100001
01110010011001010111010001100101
01101111011001100010000001110011
01101111011000110010000001110010
01100001011011010110010101110010
00001010001011100110101101110010
00000000000000000000000000000000
01110110001000000110101100110110
01100100011010010110110001100001
01101111011010010111010001100001
01110101011100100010000001101110
01100001011100000010000001101110
01100101011011010110000101110010
01110011011100100110010101110100
01110010011011110110011000100000
01110010011011110110001100100000
01110010011000010110110101100101
00000000000010100010111001101011
01100110011011110111001001010000
00100000011001010110110001101001
01100101011011100110010101100111
01101001011101000110000101110010
01110010001000000110111001101111
01110000001000000110111001110101
01101101011000010111001001100001
01110010011001010111010001100101
01101111011001100010000001110011
01101111011000110010000001110010
01100001011011010110010101110010
00001010001011100110101101110010
00000000000000000000000000000000
01110000001000000100101100110010
01101111011001100111001001100101
01101110011000010110110101110010
01110010001000000110010101100011
01110000001000000110111001110101
01101101011000010111001001100001
01110010011001010111010001100101
01101111011001100010000001110011
01101111011000110010000001110010
01100001011011010110010101110010
00001010001011100110101101110010
00000000000000000000000000000000
01110110001000000100101100110010
01100100011010010110110001100001
01101111011010010111010001100001
01110101011100100010000001101110
01100001011100000010000001101110
01100101011011010110000101110010
01110011011100100110010101110100
01110010011011110110011000100000
01110010011011110110001100100000
01110010011000010110110101100101
00000000000010100010111001101011
01011101011101010010010101011011
01001111010100100101001001000101
01101100001000000010000101010010
00100000011101000111001101101001
00100000011000110111001001100011
00110000001001010111100000110000
00101101001000000111100000110100
01101111011010000111001100100000
00100000011001000110110001110101
00110000001000000110010101100010
00110100001100000010010101111000
00000000000000000000101001111000
01011101011101010010010101011011
01001111010100100101001001000101
01101101001000000010000101010010
01101001011100100111010001100001
01110010011000110010000001111000
01111000001100000010000001100011
01111000001101000011000000100101
01110011001000000010110100100000
01101100011101010110111101101000
01100101011000100010000001100100
00100101011110000011000000100000
00001010011110000011010000110000
00000000000000000000000000000000
01011101011101010010010101011011
01001111010100100101001001000101
01110011001000000010000101010010
01100101011101000110000101110100
01100011011100100110001100100000
00100101011110000011000000100000
00100000011110000011010000110000
01101000011100110010000000101101
01100100011011000111010101101111
00100000011001010110001000100000
00110000001001010111100000110000
00000000000010100111100000110100
01100101011100100110111101000011
01101011011100100110000101001101
01111010011010010101001100100000
00100000001000000010000001100101
00100101001000000011101000100000
00000000000010100111010101101100
01100001011101000110111101010100
01101001011101000010000001101100
00100000011100110110101101100011
00100000001000000010000000100000
00100101001000000011101000100000
00000000000010100111010101101100
01100001011101000110111101010100
01101001011101000010000001101100
00101000001000000110010101101101
01110011011000110110010101110011
00100101001000000011101000101001
00000000000000000000101001100100
01110010011001010111010001001001
01101111011010010111010001100001
01010011001011110111001101101110
00100000001000000110001101100101
00100101001000000011101000100000
00000000000000000000101001100100
01001111010100100101001001000101
01001101001000000010000101010010
00100000011101000111001101110101
01100011011001010111100001100101
00100000011001010111010001110101
00100000011100100110111101100110
01101100001000000111010001100001
01110100011100110110000101100101
00100000001100000011000100100000
01110011011000110110010101110011
01110010011011110110011000100000
01110110001000000110000100100000
01100100011010010110110001100001
01110011011001010111001000100000
00100001011101000110110001110101
00000000000000000000000000001010
01110010011001010111010001001001
01101111011010010111010001100001
00100000001000000111001101101110
00100000001000000010000000100000
00100101001000000011101000100000
00000000000010100111010101101100
00110001010000110100001101000111
00101110001100100010111000110000
00000000000000000000000000110000
01110000011011010110111101000011
01110010011001010110110001101001
01110010011001010111011000100000
01101110011011110110100101110011
00100101001000000011101000100000
00000000000000000000101001110011
00100000001100100100111100101101
01101110011101010110011000101101
01101100011011000110111101110010
01101111011011110110110000101101
00101101001000000111001101110000
01100101011001010111000001100110
01101111011011000010110101101100
00100000011100110111000001101111
01100011011001110110011000101101
01110011001011010110010101110011
01100110001011010010000001101101
01100101011100110110001101100111
01110011011000010110110000101101
00000000000000000000000000100000
01110000011011010110111101000011
01110010011001010110110001101001
01100001011011000110011000100000
00100000001000000111001101100111
00100101001000000011101000100000
00000000000000000000101001110011
01010100010000010101010001010011
00000000000000000100001101001001
01101111011011010110010101001101
01101100001000000111100101110010
01110100011000010110001101101111
00100000011011100110111101101001
00100101001000000011101000100000
00000000000000000000101001110011
01100100011001010110010101110011
00100000011000110111001001100011
00100000001000000010000000100000
00100000001000000010000000100000
00110000001000000011101000100000
00110100001100000010010101111000
00000000000000000000101001111000
01011101011001000010010101011011
01101100011000110111001001100011
00100000011101000111001101101001
00100000001000000010000000100000
00100000001110100010000000100000
00110000001001010111100000110000
00000000000010100111100000110100
01011101011001000010010101011011
01101101011000110111001001100011
01101001011100100111010001100001
00100000001000000010000001111000
00100000001110100010000000100000
00110000001001010111100000110000
00000000000010100111100000110100
01011101011001000010010101011011
01110011011000110111001001100011
01100101011101000110000101110100
00100000001000000010000000100000
00100000001110100010000000100000
00110000001001010111100000110000
00000000000010100111100000110100
01011101011001000010010101011011
01100110011000110111001001100011
01101100011000010110111001101001
00100000001000000010000000100000
00100000001110100010000000100000
00110000001001010111100000110000
00000000000010100111100000110100
01110010011100100110111101000011
00100000011101000110001101100101
01110010011001010111000001101111
01101111011010010111010001100001
01100001011101100010000001101110
01100001011001000110100101101100
00101110011001000110010101110100
01100101011001010101001100100000
01000001010001010101001000100000
00101110010001010100110101000100
01100110001000000110010001101101
01110010001000000111001001101111
01100001001000000110111001110101
01110010001000000110010001101110
01110010011011110111000001100101
01100111011011100110100101110100
01101100011101010111001000100000
00001010001011100111001101100101
00000000000000000000000000000000
01101111011100100111001001000101
01100100001000000111001101110010
01100011011001010111010001100101
00001010011001000110010101110100
00000000000000000000000000000000
01101110011011100110000101000011
01110110001000000111010001101111
01100100011010010110110001100001
00100000011001010111010001100001
01110010011001010111000001101111
01101111011010010111010001100001
01101111011001100010000001101110
01101000011101000010000001110010
00100000011001010111001101100101
01100100011001010110010101110011
01101100011000010111011000100000
00101100011100110110010101110101
01100101011011000111000000100000
00100000011001010111001101100001
01110000011011010110111101100011
00100000011001010111001001100001
01101000011101000110100101110111
01110011011001010111001000100000
01110011011101000110110001110101
00100000011011100110111100100000
01101110011010110010000001100001
00100000011011100111011101101111
01110100011000010110110001110000
01101101011100100110111101100110
00000000000000000000101000101110
01110100011000010111010001010011
00000000000000000110001101101001
01110000011000010110010101001000
00000000000000000000000000000000
01100011011000010111010001010011
00000000000000000000000001101011
00110011001011100011000001010100
01000110001100010010110101100101
00000000000000000000000000000000
01010100001011100101010000101101
01110001010101000010101100101011
00000000000000000000000000000000
00101110001100110101010000110001
01111010001101000110010100110100
00000000000000000000000000000000
00110000001011100011010000110011
01011110010101000010110101100101
00000000000000000000000000000000
00110000001101010010111000110101
00110011001010110110010100110000
00000000000000000000000000000000
00110010001100010010111000101101
00110010001011010110010100110011
00000000000000000000000000000000
01100101001101110011100000101101
00110010001100110011100000101011
00000000000000000000000000000000
00110110001011100011000000101011
00110010001100010010110101100101
00000000000000000000000000000000
00110101001011100011010100110011
00110000001100000011010000110100
00000000000000000000000000000000
00110011001100100011000100101110
00110000001100000011010100110100
00000000000000000000000000000000
00110000001100010011000100101101
00110000001100000011011100101110
00000000000000000000000000000000
00110110001011100011000000101011
00110000001100000011010000110100
00000000000000000000000000000000
00110010001100010011000000110101
00000000000000000000000000000000
00110100001100110011001000110001
00000000000000000000000000000000
00110100001101110011100000101101
00000000000000000000000000000000
00110010001100100011000100101011
00000000000000000000000000000000
01000100011110100000000000000000
01001100001111101011110000100000
01000010110010000000000000000000
01001110001001101110010010011100
01000010010010000000000000000000
00000000000000000000000000000000
01000000110000111000100000000000
00000000000000000000000000010000
00000000000000000000000000000000
00000000010100100111101000000011
00000001000000010111110000000001
00000000000000100000110100011011
00000000000000000000000000010000
00000000000000000000000000011000
11111111111111110110011101001100
00000000000000000000010001010000
00000000000000000000000000000000
00000000000000000000000000010000
00000000000000000000000000101100
11111111111111110110101110001000
00000000000000000000010000110100
00000000000000000000000000000000
00000000000000000000000000010000
00000000000000000000000001000000
11111111111111110110111110101000
00000000000000000000010000000100
00000000000000000000000000000000
00000000000000001100111111110100
00000000000000001100111111111100
00000000000000001101000000000100
00000000000000000000000000000001
11111111111111110100000000001000
11111111111111110100000000000000
00000000000000000000001010111100
00000000000000000000000001100110
11111111111111110011000000001100
11111111111111110011000000001000
11111111111111110011000000000100
11111111111111110011000000000000
